ctime,schemaname,relname,seq_scan,seq_tup_read,idx_scan,idx_tup_fetch,n_tup_ins,n_tup_upd,n_tup_del,n_tup_hot_upd,n_live_tup,n_dead_tup,heap_blks_read,heap_blks_hit,idx_blks_read,idx_blks_hit,toast_blks_read,toast_blks_hit,tidx_blks_read,tidx_blks_hit
1416296522.42246,pg_catalog,pg_auth_members,0,0,0,0,0,0,0,0,0,0,0,0,0,0,,,,
1416296522.42246,pg_catalog,pg_operator,0,0,343355,1534795,0,0,0,0,0,0,61889,1037477,47022,719402,,,,
1416296522.42246,pg_catalog,pg_aggregate,0,0,23229,23229,0,0,0,0,0,0,4774,18455,9640,31618,,,,
1416296522.42246,pg_catalog,pg_pltemplate,0,0,0,0,0,0,0,0,0,0,0,0,0,0,,,,
1416296522.42246,pg_toast,pg_toast_12188,0,0,0,0,0,0,0,0,0,0,0,0,0,0,,,,
1416296522.42246,pg_catalog,pg_description,0,0,5770,0,0,0,0,0,0,0,0,0,2017,10787,0,0,0,0
1416296522.42246,pg_catalog,pg_language,0,0,0,0,0,0,0,0,0,0,0,0,0,0,,,,
1416296522.42246,pg_catalog,pg_ts_parser,0,0,0,0,0,0,0,0,0,0,0,0,0,0,,,,
1416296522.42246,pg_catalog,pg_shseclabel,0,0,0,0,0,0,0,0,0,0,0,0,0,0,,,,
1416296522.42246,pg_catalog,pg_foreign_table,0,0,0,0,0,0,0,0,0,0,0,0,0,0,,,,
1416296522.42246,information_schema,sql_packages,0,0,,,0,0,0,0,0,0,0,0,,,0,0,0,0
1416296522.42246,information_schema,sql_parts,0,0,,,0,0,0,0,0,0,0,0,,,0,0,0,0
1416296522.42246,pg_catalog,pg_attrdef,0,0,0,0,0,0,0,0,0,0,0,0,0,0,0,0,0,0
1416296522.42246,pg_catalog,pg_ts_template,0,0,0,0,0,0,0,0,0,0,0,0,0,0,,,,
1416296522.42246,pg_catalog,pg_foreign_server,0,0,0,0,0,0,0,0,0,0,0,0,0,0,,,,
1416296522.42246,pg_catalog,pg_default_acl,0,0,5096,0,0,0,0,0,0,0,0,0,577,4519,,,,
1416296522.42246,public,partsupp,4,24000000,42,42,8000000,0,0,0,8000000,0,340611,954551,12,122,,,,
1416296522.42246,pg_toast,pg_toast_12198,0,0,0,0,0,0,0,0,0,0,0,0,0,0,,,,
1416296522.42246,pg_toast,pg_toast_12208,0,0,0,0,0,0,0,0,0,0,0,0,0,0,,,,
1416296522.42246,pg_catalog,pg_attribute,4488,29784,1302545,2610918,9274,300,9096,264,2425,307,102913,1301228,45756,2660403,,,,
1416296522.42246,pg_catalog,pg_statistic,0,0,308518,250783,2119,5286,2056,4759,480,119,45073,221306,21459,643469,21731,101598,2257,151562
1416296522.42246,pg_toast,pg_toast_12203,0,0,0,0,0,0,0,0,0,0,0,0,0,0,,,,
1416296522.42246,pg_toast,pg_toast_2618,0,0,15070,48933,0,0,0,0,0,0,10772,15556,4123,18571,,,,
1416296522.42246,pg_toast,pg_toast_3596,0,0,0,0,0,0,0,0,0,0,0,0,0,0,,,,
1416296522.42246,pg_catalog,pg_depend,0,0,53490,57577,9845,0,9755,0,6294,421,9732,68024,16244,136608,,,,
1416296522.42246,information_schema,sql_languages,0,0,,,0,0,0,0,0,0,0,0,,,0,0,0,0
1416296522.42246,pg_catalog,pg_opclass,816,816,277175,2998883,0,0,0,0,0,0,13359,1036133,26395,332322,,,,
1416296522.42246,pg_catalog,pg_proc,0,0,558316,822327,0,0,0,0,0,0,79760,557422,72607,1166327,0,0,0,0
1416296522.42246,public,region,6,10,8,8,5,0,0,0,5,0,1,11,2,9,,,,
1416296522.42246,information_schema,sql_implementation_info,0,0,,,0,0,0,0,0,0,0,0,,,0,0,0,0
1416296522.42246,pg_catalog,pg_trigger,0,0,0,0,0,0,0,0,0,0,0,0,0,0,0,0,0,0
1416296522.42246,public,nation,10,50,42,42,25,0,0,0,25,0,1,45,2,49,,,,
1416296522.42246,pg_catalog,pg_am,57340,57340,0,0,0,0,0,0,0,0,7825,49515,0,0,,,,
1416296522.42246,pg_catalog,pg_largeobject_metadata,0,0,0,0,0,0,0,0,0,0,0,0,0,0,,,,
1416296522.42246,pg_catalog,pg_ts_config_map,0,0,0,0,0,0,0,0,0,0,0,0,0,0,,,,
1416296522.42246,pg_catalog,pg_type,0,0,1129568,1120290,2517,0,2498,0,349,75,25082,1106383,31707,2282197,,,,
1416296522.42246,pg_catalog,pg_shdepend,0,0,7086,1315,0,0,0,0,0,0,611,704,2598,7028,,,,
1416296522.42246,public,supplier,8,400000,42,42,100000,0,0,0,100000,0,2312,15690,4,88,,,,
1416296522.42246,information_schema,sql_sizing,0,0,,,0,0,0,0,0,0,0,0,,,0,0,0,0
1416296522.42246,pg_catalog,pg_conversion,0,0,0,0,0,0,0,0,0,0,0,0,0,0,,,,
1416296522.42246,pg_catalog,pg_foreign_data_wrapper,0,0,0,0,0,0,0,0,0,0,0,0,0,0,,,,
1416296522.42246,pg_catalog,pg_opfamily,0,0,0,0,0,0,0,0,0,0,0,0,0,0,,,,
1416296522.42246,pg_catalog,pg_shdescription,0,0,0,0,0,0,0,0,0,0,0,0,0,0,0,0,0,0
1416296522.42246,pg_catalog,pg_tablespace,2,4,41707,41707,0,0,0,0,0,0,6232,35477,12498,70916,,,,
1416296522.42246,public,orders,10,60000000,30,30,15000000,0,0,0,15000000,0,504554,1558810,6,94,,,,
1416296522.42246,pg_catalog,pg_inherits,0,0,1264,0,0,0,0,0,0,0,0,0,623,641,,,,
1416296522.42246,pg_toast,pg_toast_2606,0,0,0,0,0,0,0,0,0,0,0,0,0,0,,,,
1416296522.42246,pg_toast,pg_toast_2964,0,0,0,0,0,0,0,0,0,0,0,0,0,0,,,,
1416296522.42246,pg_catalog,pg_database,10577,41618,234081,234079,1,0,0,0,1,0,8160,236497,36906,316312,,,,
1416296522.42246,pg_toast,pg_toast_2620,0,0,0,0,0,0,0,0,0,0,0,0,0,0,,,,
1416296522.42246,pg_toast,pg_toast_12213,0,0,0,0,0,0,0,0,0,0,0,0,0,0,,,,
1416296522.42246,pg_catalog,pg_amproc,816,1632,212999,316684,0,0,0,0,0,0,9944,200079,26722,455464,,,,
1416296522.42246,pg_catalog,pg_collation,0,0,0,0,0,0,0,0,0,0,0,0,0,0,,,,
1416296522.42246,pg_catalog,pg_constraint,0,0,472,232,240,0,232,0,10,8,134,1339,242,2398,0,0,0,0
1416296522.42246,pg_catalog,pg_range,0,0,8921,0,0,0,0,0,0,0,0,0,7513,10329,,,,
1416296522.42246,pg_catalog,pg_user_mapping,0,0,0,0,0,0,0,0,0,0,0,0,0,0,,,,
1416296522.42246,pg_catalog,pg_largeobject,0,0,0,0,0,0,0,0,0,0,0,0,0,0,,,,
1416296522.42246,public,lineitem,17,539874468,56,56,59986052,0,0,0,59986557,0,8775481,4486893,16,223,,,,
1416296522.42246,pg_catalog,pg_namespace,7903,236048,625814,573061,40,0,0,0,40,0,6823,574242,18314,667706,,,,
1416296522.42246,pg_catalog,pg_authid,3953,3953,106126,106126,0,0,0,0,0,0,7011,103068,26090,186162,,,,
1416296522.42246,pg_toast,pg_toast_12193,0,0,0,0,0,0,0,0,0,0,0,0,0,0,,,,
1416296522.42246,pg_catalog,pg_index,17837,2055545,478588,683852,1152,0,1124,0,138,0,30345,682968,28561,544050,,,,
1416296522.42246,pg_catalog,pg_ts_dict,0,0,0,0,0,0,0,0,0,0,0,0,0,0,,,,
1416296522.42246,information_schema,sql_features,0,0,,,0,0,0,0,0,0,0,0,,,0,0,0,0
1416296522.42246,pg_catalog,pg_class,44360,10977184,1901186,1827575,2426,652,2388,631,326,2,74694,2185857,61146,3844100,,,,
1416296522.42246,pg_toast,pg_toast_12183,0,0,0,0,0,0,0,0,0,0,0,0,0,0,,,,
1416296522.42246,information_schema,sql_sizing_profiles,0,0,,,0,0,0,0,0,0,0,0,,,0,0,0,0
1416296522.42246,pg_toast,pg_toast_2396,0,0,0,0,0,0,0,0,0,0,0,0,0,0,,,,
1416296522.42246,pg_catalog,pg_enum,0,0,0,0,0,0,0,0,0,0,0,0,0,0,,,,
1416296522.42246,pg_catalog,pg_db_role_setting,0,0,178875,0,0,0,0,0,0,0,0,0,8031,170844,0,0,0,0
1416296522.42246,pg_catalog,pg_seclabel,0,0,5770,0,0,0,0,0,0,0,0,0,628,5142,0,0,0,0
1416296522.42246,pg_toast,pg_toast_2609,0,0,0,0,0,0,0,0,0,0,0,0,0,0,,,,
1416296522.42246,public,part,8,12000000,26,26,2000000,0,0,0,2000000,0,79007,327741,6,80,,,,
1416296522.42246,pg_toast,pg_toast_1255,0,0,0,0,0,0,0,0,0,0,0,0,0,0,,,,
1416296522.42246,pg_catalog,pg_rewrite,0,0,30152,28196,652,0,652,0,106,41,13204,20188,5644,45942,10772,15556,4123,18571
1416296522.42246,pg_catalog,pg_ts_config,0,0,0,0,0,0,0,0,0,0,0,0,0,0,,,,
1416296522.42246,pg_catalog,pg_extension,0,0,0,0,0,0,0,0,0,0,0,0,0,0,,,,
1416296522.42246,pg_catalog,pg_amop,0,0,439022,617592,0,0,0,0,0,0,20936,596656,35820,910810,,,,
1416296522.42246,pg_catalog,pg_cast,0,0,1441483,386758,0,0,0,0,0,0,9124,377634,11557,1481282,,,,
1416296522.42246,pg_toast,pg_toast_2619,0,0,74947,246726,3471,0,3220,0,267,6,21731,101598,2257,151562,,,,
1416296522.42246,pg_toast,pg_toast_2604,0,0,0,0,0,0,0,0,0,0,0,0,0,0,,,,
1416296522.42246,public,time_statistics,1,1,,,3,1,0,1,3,1,2,3,,,,,,
1416296522.42246,public,customer,9,9000000,28,28,1500000,0,0,0,1500000,0,68533,294885,6,86,,,,
1416296582.42429,pg_catalog,pg_auth_members,0,0,0,0,0,0,0,0,0,0,0,0,0,0,,,,
1416296582.42429,pg_catalog,pg_operator,0,0,343434,1535119,0,0,0,0,0,0,61901,1037696,47024,719583,,,,
1416296582.42429,pg_catalog,pg_aggregate,0,0,23233,23233,0,0,0,0,0,0,4775,18458,9642,31624,,,,
1416296582.42429,pg_catalog,pg_pltemplate,0,0,0,0,0,0,0,0,0,0,0,0,0,0,,,,
1416296582.42429,pg_toast,pg_toast_12188,0,0,0,0,0,0,0,0,0,0,0,0,0,0,,,,
1416296582.42429,pg_catalog,pg_description,0,0,5770,0,0,0,0,0,0,0,0,0,2017,10787,0,0,0,0
1416296582.42429,pg_catalog,pg_language,0,0,0,0,0,0,0,0,0,0,0,0,0,0,,,,
1416296582.42429,pg_catalog,pg_ts_parser,0,0,0,0,0,0,0,0,0,0,0,0,0,0,,,,
1416296582.42429,pg_catalog,pg_shseclabel,0,0,0,0,0,0,0,0,0,0,0,0,0,0,,,,
1416296582.42429,pg_catalog,pg_foreign_table,0,0,0,0,0,0,0,0,0,0,0,0,0,0,,,,
1416296582.42429,information_schema,sql_packages,0,0,,,0,0,0,0,0,0,0,0,,,0,0,0,0
1416296582.42429,information_schema,sql_parts,0,0,,,0,0,0,0,0,0,0,0,,,0,0,0,0
1416296582.42429,pg_catalog,pg_attrdef,0,0,0,0,0,0,0,0,0,0,0,0,0,0,0,0,0,0
1416296582.42429,pg_catalog,pg_ts_template,0,0,0,0,0,0,0,0,0,0,0,0,0,0,,,,
1416296582.42429,pg_catalog,pg_foreign_server,0,0,0,0,0,0,0,0,0,0,0,0,0,0,,,,
1416296582.42429,pg_catalog,pg_default_acl,0,0,5096,0,0,0,0,0,0,0,0,0,577,4519,,,,
1416296582.42429,public,partsupp,4,24000000,26370,1627826,8000000,0,0,0,8000000,0,511567,2393191,19942,63800,,,,
1416296582.42429,pg_toast,pg_toast_12198,0,0,0,0,0,0,0,0,0,0,0,0,0,0,,,,
1416296582.42429,pg_toast,pg_toast_12208,0,0,0,0,0,0,0,0,0,0,0,0,0,0,,,,
1416296582.42429,pg_catalog,pg_attribute,4488,29784,1303017,2611749,9274,300,9096,264,2425,307,102931,1301684,45757,2661368,,,,
1416296582.42429,pg_catalog,pg_statistic,0,0,308603,250847,2119,5286,2056,4759,480,119,45081,221362,21460,643652,21758,101620,2257,151623
1416296582.42429,pg_toast,pg_toast_12203,0,0,0,0,0,0,0,0,0,0,0,0,0,0,,,,
1416296582.42429,pg_toast,pg_toast_2618,0,0,15078,48959,0,0,0,0,0,0,10777,15565,4123,18583,,,,
1416296582.42429,pg_toast,pg_toast_3596,0,0,0,0,0,0,0,0,0,0,0,0,0,0,,,,
1416296582.42429,pg_catalog,pg_depend,0,0,53490,57577,9845,0,9755,0,6294,421,9732,68024,16244,136608,,,,
1416296582.42429,information_schema,sql_languages,0,0,,,0,0,0,0,0,0,0,0,,,0,0,0,0
1416296582.42429,pg_catalog,pg_opclass,816,816,277235,2999407,0,0,0,0,0,0,13359,1036317,26395,332407,,,,
1416296582.42429,pg_catalog,pg_proc,0,0,558512,822612,0,0,0,0,0,0,79774,557637,72609,1166761,0,0,0,0
1416296582.42429,public,region,6291,31430,12,12,5,0,0,0,5,0,2,6298,4,12,,,,
1416296582.42429,information_schema,sql_implementation_info,0,0,,,0,0,0,0,0,0,0,0,,,0,0,0,0
1416296582.42429,pg_catalog,pg_trigger,0,0,0,0,0,0,0,0,0,0,0,0,0,0,0,0,0,0
1416296582.42429,public,nation,11,75,25182,25182,25,0,0,0,25,0,2,25185,4,25188,,,,
1416296582.42429,pg_catalog,pg_am,57359,57359,0,0,0,0,0,0,0,0,7825,49534,0,0,,,,
1416296582.42429,pg_catalog,pg_largeobject_metadata,0,0,0,0,0,0,0,0,0,0,0,0,0,0,,,,
1416296582.42429,pg_catalog,pg_ts_config_map,0,0,0,0,0,0,0,0,0,0,0,0,0,0,,,,
1416296582.42429,pg_catalog,pg_type,0,0,1129913,1120635,2517,0,2498,0,349,75,25083,1106727,31707,2282906,,,,
1416296582.42429,pg_catalog,pg_shdepend,0,0,7086,1315,0,0,0,0,0,0,611,704,2598,7028,,,,
1416296582.42429,public,supplier,10,500000,25182,25182,100000,0,0,0,100000,0,4491,40830,280,50198,,,,
1416296582.42429,information_schema,sql_sizing,0,0,,,0,0,0,0,0,0,0,0,,,0,0,0,0
1416296582.42429,pg_catalog,pg_conversion,0,0,0,0,0,0,0,0,0,0,0,0,0,0,,,,
1416296582.42429,pg_catalog,pg_foreign_data_wrapper,0,0,0,0,0,0,0,0,0,0,0,0,0,0,,,,
1416296582.42429,pg_catalog,pg_opfamily,0,0,0,0,0,0,0,0,0,0,0,0,0,0,,,,
1416296582.42429,pg_catalog,pg_shdescription,0,0,0,0,0,0,0,0,0,0,0,0,0,0,0,0,0,0
1416296582.42429,pg_catalog,pg_tablespace,2,4,41721,41721,0,0,0,0,0,0,6232,35491,12498,70944,,,,
1416296582.42429,public,orders,10,60000000,30,30,15015000,0,0,0,15015000,0,504810,1559367,2826,132769,,,,
1416296582.42429,pg_catalog,pg_inherits,0,0,1264,0,0,0,0,0,0,0,0,0,623,641,,,,
1416296582.42429,pg_toast,pg_toast_2606,0,0,0,0,0,0,0,0,0,0,0,0,0,0,,,,
1416296582.42429,pg_toast,pg_toast_2964,0,0,0,0,0,0,0,0,0,0,0,0,0,0,,,,
1416296582.42429,pg_catalog,pg_database,10581,41634,234152,234150,1,0,0,0,1,0,8160,236572,36906,316423,,,,
1416296582.42429,pg_toast,pg_toast_2620,0,0,0,0,0,0,0,0,0,0,0,0,0,0,,,,
1416296582.42429,pg_toast,pg_toast_12213,0,0,0,0,0,0,0,0,0,0,0,0,0,0,,,,
1416296582.42429,pg_catalog,pg_amproc,816,1632,213054,316769,0,0,0,0,0,0,9944,200133,26722,455593,,,,
1416296582.42429,pg_catalog,pg_collation,0,0,0,0,0,0,0,0,0,0,0,0,0,0,,,,
1416296582.42429,pg_catalog,pg_constraint,0,0,472,232,240,0,232,0,10,8,134,1339,242,2398,0,0,0,0
1416296582.42429,pg_catalog,pg_range,0,0,8924,0,0,0,0,0,0,0,0,0,7515,10333,,,,
1416296582.42429,pg_catalog,pg_user_mapping,0,0,0,0,0,0,0,0,0,0,0,0,0,0,,,,
1416296582.42429,pg_catalog,pg_largeobject,0,0,0,0,0,0,0,0,0,0,0,0,0,0,,,,
1416296582.42429,public,lineitem,17,539874468,59,749893,60045669,0,0,0,60046174,0,9181039,4489568,109897,1305573,,,,
1416296582.42429,pg_catalog,pg_namespace,7907,236232,626142,573371,40,0,0,0,40,0,6823,574556,18316,668052,,,,
1416296582.42429,pg_catalog,pg_authid,3955,3955,106162,106162,0,0,0,0,0,0,7011,103106,26090,186234,,,,
1416296582.42429,pg_toast,pg_toast_12193,0,0,0,0,0,0,0,0,0,0,0,0,0,0,,,,
1416296582.42429,pg_catalog,pg_index,17845,2056649,478710,684020,1152,0,1124,0,138,0,30345,683157,28561,544203,,,,
1416296582.42429,pg_catalog,pg_ts_dict,0,0,0,0,0,0,0,0,0,0,0,0,0,0,,,,
1416296582.42429,information_schema,sql_features,0,0,,,0,0,0,0,0,0,0,0,,,0,0,0,0
1416296582.42429,pg_catalog,pg_class,44377,10982157,1901965,1828339,2426,652,2388,631,326,2,74695,2186792,61146,3845697,,,,
1416296582.42429,pg_toast,pg_toast_12183,0,0,0,0,0,0,0,0,0,0,0,0,0,0,,,,
1416296582.42429,information_schema,sql_sizing_profiles,0,0,,,0,0,0,0,0,0,0,0,,,0,0,0,0
1416296582.42429,pg_toast,pg_toast_2396,0,0,0,0,0,0,0,0,0,0,0,0,0,0,,,,
1416296582.42429,pg_catalog,pg_enum,0,0,0,0,0,0,0,0,0,0,0,0,0,0,,,,
1416296582.42429,pg_catalog,pg_db_role_setting,0,0,178935,0,0,0,0,0,0,0,0,0,8031,170904,0,0,0,0
1416296582.42429,pg_catalog,pg_seclabel,0,0,5770,0,0,0,0,0,0,0,0,0,628,5142,0,0,0,0
1416296582.42429,pg_toast,pg_toast_2609,0,0,0,0,0,0,0,0,0,0,0,0,0,0,,,,
1416296582.42429,public,part,9,14000000,33,2000032,2000000,0,0,0,2000000,0,119529,369021,5475,98,,,,
1416296582.42429,pg_toast,pg_toast_1255,0,0,0,0,0,0,0,0,0,0,0,0,0,0,,,,
1416296582.42429,pg_catalog,pg_rewrite,0,0,30165,28209,652,0,652,0,106,41,13208,20197,5644,45964,10777,15565,4123,18583
1416296582.42429,pg_catalog,pg_ts_config,0,0,0,0,0,0,0,0,0,0,0,0,0,0,,,,
1416296582.42429,pg_catalog,pg_extension,0,0,0,0,0,0,0,0,0,0,0,0,0,0,,,,
1416296582.42429,pg_catalog,pg_amop,0,0,439124,617738,0,0,0,0,0,0,20938,596800,35820,911035,,,,
1416296582.42429,pg_catalog,pg_cast,0,0,1441808,386865,0,0,0,0,0,0,9124,377741,11557,1481624,,,,
1416296582.42429,pg_toast,pg_toast_2619,0,0,74974,246826,3471,0,3220,0,267,6,21758,101620,2257,151623,,,,
1416296582.42429,pg_toast,pg_toast_2604,0,0,0,0,0,0,0,0,0,0,0,0,0,0,,,,
1416296582.42429,public,time_statistics,4,13,,,6,4,0,4,6,4,2,12,,,,,,
1416296582.42429,public,customer,9,9000000,28,28,1500000,0,0,0,1500000,0,68533,294885,6,86,,,,
1416296642.42882,pg_catalog,pg_auth_members,0,0,0,0,0,0,0,0,0,0,0,0,0,0,,,,
1416296642.42882,pg_catalog,pg_operator,0,0,343492,1535277,0,0,0,0,0,0,61901,1037814,47024,719722,,,,
1416296642.42882,pg_catalog,pg_aggregate,0,0,23236,23236,0,0,0,0,0,0,4775,18461,9642,31630,,,,
1416296642.42882,pg_catalog,pg_pltemplate,0,0,0,0,0,0,0,0,0,0,0,0,0,0,,,,
1416296642.42882,pg_toast,pg_toast_12188,0,0,0,0,0,0,0,0,0,0,0,0,0,0,,,,
1416296642.42882,pg_catalog,pg_description,0,0,5770,0,0,0,0,0,0,0,0,0,2017,10787,0,0,0,0
1416296642.42882,pg_catalog,pg_language,0,0,0,0,0,0,0,0,0,0,0,0,0,0,,,,
1416296642.42882,pg_catalog,pg_ts_parser,0,0,0,0,0,0,0,0,0,0,0,0,0,0,,,,
1416296642.42882,pg_catalog,pg_shseclabel,0,0,0,0,0,0,0,0,0,0,0,0,0,0,,,,
1416296642.42882,pg_catalog,pg_foreign_table,0,0,0,0,0,0,0,0,0,0,0,0,0,0,,,,
1416296642.42882,information_schema,sql_packages,0,0,,,0,0,0,0,0,0,0,0,,,0,0,0,0
1416296642.42882,information_schema,sql_parts,0,0,,,0,0,0,0,0,0,0,0,,,0,0,0,0
1416296642.42882,pg_catalog,pg_attrdef,0,0,0,0,0,0,0,0,0,0,0,0,0,0,0,0,0,0
1416296642.42882,pg_catalog,pg_ts_template,0,0,0,0,0,0,0,0,0,0,0,0,0,0,,,,
1416296642.42882,pg_catalog,pg_foreign_server,0,0,0,0,0,0,0,0,0,0,0,0,0,0,,,,
1416296642.42882,pg_catalog,pg_default_acl,0,0,5096,0,0,0,0,0,0,0,0,0,577,4519,,,,
1416296642.42882,public,partsupp,4,24000000,26387,9627759,8000000,0,0,0,8000000,0,511569,2805553,37516,68136,,,,
1416296642.42882,pg_toast,pg_toast_12198,0,0,0,0,0,0,0,0,0,0,0,0,0,0,,,,
1416296642.42882,pg_toast,pg_toast_12208,0,0,0,0,0,0,0,0,0,0,0,0,0,0,,,,
1416296642.42882,pg_catalog,pg_attribute,4488,29784,1303484,2612570,9274,300,9096,264,2425,307,102931,1302153,45757,2662320,,,,
1416296642.42882,pg_catalog,pg_statistic,0,0,308682,250909,2119,5286,2056,4759,480,119,45082,221423,21460,643824,21763,101657,2257,151685
1416296642.42882,pg_toast,pg_toast_12203,0,0,0,0,0,0,0,0,0,0,0,0,0,0,,,,
1416296642.42882,pg_toast,pg_toast_2618,0,0,15086,48985,0,0,0,0,0,0,10777,15579,4123,18595,,,,
1416296642.42882,pg_toast,pg_toast_3596,0,0,0,0,0,0,0,0,0,0,0,0,0,0,,,,
1416296642.42882,pg_catalog,pg_depend,0,0,53490,57577,9845,0,9755,0,6294,421,9732,68024,16244,136608,,,,
1416296642.42882,information_schema,sql_languages,0,0,,,0,0,0,0,0,0,0,0,,,0,0,0,0
1416296642.42882,pg_catalog,pg_opclass,816,816,277291,3000003,0,0,0,0,0,0,13359,1036520,26395,332487,,,,
1416296642.42882,pg_catalog,pg_proc,0,0,558699,822897,0,0,0,0,0,0,79774,557864,72609,1167178,0,0,0,0
1416296642.42882,public,region,6291,31430,12,12,5,0,0,0,5,0,2,6298,4,12,,,,
1416296642.42882,information_schema,sql_implementation_info,0,0,,,0,0,0,0,0,0,0,0,,,0,0,0,0
1416296642.42882,pg_catalog,pg_trigger,0,0,0,0,0,0,0,0,0,0,0,0,0,0,0,0,0,0
1416296642.42882,public,nation,11,75,3283489,3283489,25,0,0,0,25,0,2,3283492,4,3283496,,,,
1416296642.42882,pg_catalog,pg_am,57375,57375,0,0,0,0,0,0,0,0,7825,49550,0,0,,,,
1416296642.42882,pg_catalog,pg_largeobject_metadata,0,0,0,0,0,0,0,0,0,0,0,0,0,0,,,,
1416296642.42882,pg_catalog,pg_ts_config_map,0,0,0,0,0,0,0,0,0,0,0,0,0,0,,,,
1416296642.42882,pg_catalog,pg_type,0,0,1130204,1120926,2517,0,2498,0,349,75,25083,1107018,31708,2283503,,,,
1416296642.42882,pg_catalog,pg_shdepend,0,0,7086,1315,0,0,0,0,0,0,611,704,2598,7028,,,,
1416296642.42882,public,supplier,10,500000,3283495,3283495,100000,0,0,0,100000,0,4491,3299143,280,6585084,,,,
1416296642.42882,information_schema,sql_sizing,0,0,,,0,0,0,0,0,0,0,0,,,0,0,0,0
1416296642.42882,pg_catalog,pg_conversion,0,0,0,0,0,0,0,0,0,0,0,0,0,0,,,,
1416296642.42882,pg_catalog,pg_foreign_data_wrapper,0,0,0,0,0,0,0,0,0,0,0,0,0,0,,,,
1416296642.42882,pg_catalog,pg_opfamily,0,0,0,0,0,0,0,0,0,0,0,0,0,0,,,,
1416296642.42882,pg_catalog,pg_shdescription,0,0,0,0,0,0,0,0,0,0,0,0,0,0,0,0,0,0
1416296642.42882,pg_catalog,pg_tablespace,2,4,41735,41735,0,0,0,0,0,0,6232,35505,12498,70972,,,,
1416296642.42882,public,orders,10,60000000,3258337,3258337,15015000,0,0,0,15015000,0,758076,4564408,43912,9884459,,,,
1416296642.42882,pg_catalog,pg_inherits,0,0,1264,0,0,0,0,0,0,0,0,0,623,641,,,,
1416296642.42882,pg_toast,pg_toast_2606,0,0,0,0,0,0,0,0,0,0,0,0,0,0,,,,
1416296642.42882,pg_toast,pg_toast_2964,0,0,0,0,0,0,0,0,0,0,0,0,0,0,,,,
1416296642.42882,pg_catalog,pg_database,10585,41650,234219,234217,1,0,0,0,1,0,8160,236643,36906,316524,,,,
1416296642.42882,pg_toast,pg_toast_2620,0,0,0,0,0,0,0,0,0,0,0,0,0,0,,,,
1416296642.42882,pg_toast,pg_toast_12213,0,0,0,0,0,0,0,0,0,0,0,0,0,0,,,,
1416296642.42882,pg_catalog,pg_amproc,816,1632,213107,316847,0,0,0,0,0,0,9944,200185,26722,455715,,,,
1416296642.42882,pg_catalog,pg_collation,0,0,0,0,0,0,0,0,0,0,0,0,0,0,,,,
1416296642.42882,pg_catalog,pg_constraint,0,0,472,232,240,0,232,0,10,8,134,1339,242,2398,0,0,0,0
1416296642.42882,pg_catalog,pg_range,0,0,8925,0,0,0,0,0,0,0,0,0,7515,10335,,,,
1416296642.42882,pg_catalog,pg_user_mapping,0,0,0,0,0,0,0,0,0,0,0,0,0,0,,,,
1416296642.42882,pg_catalog,pg_largeobject,0,0,0,0,0,0,0,0,0,0,0,0,0,0,,,,
1416296642.42882,public,lineitem,18,599920137,69,749903,60045669,0,0,0,60046174,0,9841959,4895133,109901,1305611,,,,
1416296642.42882,pg_catalog,pg_namespace,7911,236416,626463,573677,40,0,0,0,40,0,6823,574866,18316,668390,,,,
1416296642.42882,pg_catalog,pg_authid,3958,3958,106192,106192,0,0,0,0,0,0,7011,103139,26090,186294,,,,
1416296642.42882,pg_toast,pg_toast_12193,0,0,0,0,0,0,0,0,0,0,0,0,0,0,,,,
1416296642.42882,pg_catalog,pg_index,17853,2057753,478818,684167,1152,0,1124,0,138,0,30345,683321,28561,544340,,,,
1416296642.42882,pg_catalog,pg_ts_dict,0,0,0,0,0,0,0,0,0,0,0,0,0,0,,,,
1416296642.42882,information_schema,sql_features,0,0,,,0,0,0,0,0,0,0,0,,,0,0,0,0
1416296642.42882,pg_catalog,pg_class,44396,10987782,1902714,1829080,2426,652,2388,631,326,2,74695,2187725,61146,3847228,,,,
1416296642.42882,pg_toast,pg_toast_12183,0,0,0,0,0,0,0,0,0,0,0,0,0,0,,,,
1416296642.42882,information_schema,sql_sizing_profiles,0,0,,,0,0,0,0,0,0,0,0,,,0,0,0,0
1416296642.42882,pg_toast,pg_toast_2396,0,0,0,0,0,0,0,0,0,0,0,0,0,0,,,,
1416296642.42882,pg_catalog,pg_enum,0,0,0,0,0,0,0,0,0,0,0,0,0,0,,,,
1416296642.42882,pg_catalog,pg_db_role_setting,0,0,178986,0,0,0,0,0,0,0,0,0,8031,170955,0,0,0,0
1416296642.42882,pg_catalog,pg_seclabel,0,0,5770,0,0,0,0,0,0,0,0,0,628,5142,0,0,0,0
1416296642.42882,pg_toast,pg_toast_2609,0,0,0,0,0,0,0,0,0,0,0,0,0,0,,,,
1416296642.42882,public,part,10,16000000,41,2000040,2000000,0,0,0,2000000,0,119529,409551,5475,123,,,,
1416296642.42882,pg_toast,pg_toast_1255,0,0,0,0,0,0,0,0,0,0,0,0,0,0,,,,
1416296642.42882,pg_catalog,pg_rewrite,0,0,30181,28225,652,0,652,0,106,41,13208,20213,5644,45992,10777,15579,4123,18595
1416296642.42882,pg_catalog,pg_ts_config,0,0,0,0,0,0,0,0,0,0,0,0,0,0,,,,
1416296642.42882,pg_catalog,pg_extension,0,0,0,0,0,0,0,0,0,0,0,0,0,0,,,,
1416296642.42882,pg_catalog,pg_amop,0,0,439234,617882,0,0,0,0,0,0,20938,596944,35820,911278,,,,
1416296642.42882,pg_catalog,pg_cast,0,0,1442076,386957,0,0,0,0,0,0,9124,377833,11557,1481907,,,,
1416296642.42882,pg_toast,pg_toast_2619,0,0,75001,246904,3471,0,3220,0,267,6,21763,101657,2257,151685,,,,
1416296642.42882,pg_toast,pg_toast_2604,0,0,0,0,0,0,0,0,0,0,0,0,0,0,,,,
1416296642.42882,public,time_statistics,5,19,,,7,5,0,5,7,5,2,15,,,,,,
1416296642.42882,public,customer,9,9000000,28,28,1500000,0,0,0,1500000,0,68533,294885,6,86,,,,
1416296702.43253,pg_catalog,pg_auth_members,0,0,0,0,0,0,0,0,0,0,0,0,0,0,,,,
1416296702.43253,pg_catalog,pg_operator,0,0,343592,1535837,0,0,0,0,0,0,61902,1038219,47025,719948,,,,
1416296702.43253,pg_catalog,pg_aggregate,0,0,23242,23242,0,0,0,0,0,0,4775,18467,9642,31641,,,,
1416296702.43253,pg_catalog,pg_pltemplate,0,0,0,0,0,0,0,0,0,0,0,0,0,0,,,,
1416296702.43253,pg_toast,pg_toast_12188,0,0,0,0,0,0,0,0,0,0,0,0,0,0,,,,
1416296702.43253,pg_catalog,pg_description,0,0,5770,0,0,0,0,0,0,0,0,0,2017,10787,0,0,0,0
1416296702.43253,pg_catalog,pg_language,0,0,0,0,0,0,0,0,0,0,0,0,0,0,,,,
1416296702.43253,pg_catalog,pg_ts_parser,0,0,0,0,0,0,0,0,0,0,0,0,0,0,,,,
1416296702.43253,pg_catalog,pg_shseclabel,0,0,0,0,0,0,0,0,0,0,0,0,0,0,,,,
1416296702.43253,pg_catalog,pg_foreign_table,0,0,0,0,0,0,0,0,0,0,0,0,0,0,,,,
1416296702.43253,information_schema,sql_packages,0,0,,,0,0,0,0,0,0,0,0,,,0,0,0,0
1416296702.43253,information_schema,sql_parts,0,0,,,0,0,0,0,0,0,0,0,,,0,0,0,0
1416296702.43253,pg_catalog,pg_attrdef,0,0,0,0,0,0,0,0,0,0,0,0,0,0,0,0,0,0
1416296702.43253,pg_catalog,pg_ts_template,0,0,0,0,0,0,0,0,0,0,0,0,0,0,,,,
1416296702.43253,pg_catalog,pg_foreign_server,0,0,0,0,0,0,0,0,0,0,0,0,0,0,,,,
1416296702.43253,pg_catalog,pg_default_acl,0,0,5096,0,0,0,0,0,0,0,0,0,577,4519,,,,
1416296702.43253,public,partsupp,4,24000000,48100,9714599,8000000,0,0,0,8000000,0,511569,2829795,37526,133616,,,,
1416296702.43253,pg_toast,pg_toast_12198,0,0,0,0,0,0,0,0,0,0,0,0,0,0,,,,
1416296702.43253,pg_toast,pg_toast_12208,0,0,0,0,0,0,0,0,0,0,0,0,0,0,,,,
1416296702.43253,pg_catalog,pg_attribute,4488,29784,1303943,2613382,9274,300,9096,264,2425,307,102933,1302612,45757,2663260,,,,
1416296702.43253,pg_catalog,pg_statistic,0,0,308765,250973,2119,5286,2056,4759,480,119,45083,221486,21460,644004,21767,101705,2257,151759
1416296702.43253,pg_toast,pg_toast_12203,0,0,0,0,0,0,0,0,0,0,0,0,0,0,,,,
1416296702.43253,pg_toast,pg_toast_2618,0,0,15094,49011,0,0,0,0,0,0,10777,15593,4123,18607,,,,
1416296702.43253,pg_toast,pg_toast_3596,0,0,0,0,0,0,0,0,0,0,0,0,0,0,,,,
1416296702.43253,pg_catalog,pg_depend,0,0,53490,57577,9845,0,9755,0,6294,421,9732,68024,16244,136608,,,,
1416296702.43253,information_schema,sql_languages,0,0,,,0,0,0,0,0,0,0,0,,,0,0,0,0
1416296702.43253,pg_catalog,pg_opclass,816,816,277344,3000368,0,0,0,0,0,0,13359,1036651,26395,332564,,,,
1416296702.43253,pg_catalog,pg_proc,0,0,558909,823190,0,0,0,0,0,0,79776,558099,72611,1167638,0,0,0,0
1416296702.43253,public,region,6291,31430,12,12,5,0,0,0,5,0,2,6298,4,12,,,,
1416296702.43253,information_schema,sql_implementation_info,0,0,,,0,0,0,0,0,0,0,0,,,0,0,0,0
1416296702.43253,pg_catalog,pg_trigger,0,0,0,0,0,0,0,0,0,0,0,0,0,0,0,0,0,0
1416296702.43253,public,nation,12,100,3283491,3283491,25,0,0,0,25,0,2,3283495,4,3283499,,,,
1416296702.43253,pg_catalog,pg_am,57393,57393,0,0,0,0,0,0,0,0,7825,49568,0,0,,,,
1416296702.43253,pg_catalog,pg_largeobject_metadata,0,0,0,0,0,0,0,0,0,0,0,0,0,0,,,,
1416296702.43253,pg_catalog,pg_ts_config_map,0,0,0,0,0,0,0,0,0,0,0,0,0,0,,,,
1416296702.43253,pg_catalog,pg_type,0,0,1130589,1121311,2517,0,2498,0,349,75,25083,1107403,31708,2284292,,,,
1416296702.43253,pg_catalog,pg_shdepend,0,0,7086,1315,0,0,0,0,0,0,611,704,2598,7028,,,,
1416296702.43253,public,supplier,12,600000,3283497,3283497,100000,0,0,0,100000,0,4491,3301324,280,6585089,,,,
1416296702.43253,information_schema,sql_sizing,0,0,,,0,0,0,0,0,0,0,0,,,0,0,0,0
1416296702.43253,pg_catalog,pg_conversion,0,0,0,0,0,0,0,0,0,0,0,0,0,0,,,,
1416296702.43253,pg_catalog,pg_foreign_data_wrapper,0,0,0,0,0,0,0,0,0,0,0,0,0,0,,,,
1416296702.43253,pg_catalog,pg_opfamily,0,0,0,0,0,0,0,0,0,0,0,0,0,0,,,,
1416296702.43253,pg_catalog,pg_shdescription,0,0,0,0,0,0,0,0,0,0,0,0,0,0,0,0,0,0
1416296702.43253,pg_catalog,pg_tablespace,2,4,41749,41749,0,0,0,0,0,0,6232,35519,12498,71000,,,,
1416296702.43253,public,orders,10,60000000,3258337,3258337,15015000,0,0,0,15015000,0,758076,4564408,43912,9884459,,,,
1416296702.43253,pg_catalog,pg_inherits,0,0,1264,0,0,0,0,0,0,0,0,0,623,641,,,,
1416296702.43253,pg_toast,pg_toast_2606,0,0,0,0,0,0,0,0,0,0,0,0,0,0,,,,
1416296702.43253,pg_toast,pg_toast_2964,0,0,0,0,0,0,0,0,0,0,0,0,0,0,,,,
1416296702.43253,pg_catalog,pg_database,10589,41666,234284,234282,1,0,0,0,1,0,8160,236712,36906,316627,,,,
1416296702.43253,pg_toast,pg_toast_2620,0,0,0,0,0,0,0,0,0,0,0,0,0,0,,,,
1416296702.43253,pg_toast,pg_toast_12213,0,0,0,0,0,0,0,0,0,0,0,0,0,0,,,,
1416296702.43253,pg_catalog,pg_amproc,816,1632,213158,316929,0,0,0,0,0,0,9944,200235,26722,455835,,,,
1416296702.43253,pg_catalog,pg_collation,0,0,0,0,0,0,0,0,0,0,0,0,0,0,,,,
1416296702.43253,pg_catalog,pg_constraint,0,0,472,232,240,0,232,0,10,8,134,1339,242,2398,0,0,0,0
1416296702.43253,pg_catalog,pg_range,0,0,8928,0,0,0,0,0,0,0,0,0,7517,10339,,,,
1416296702.43253,pg_catalog,pg_user_mapping,0,0,0,0,0,0,0,0,0,0,0,0,0,0,,,,
1416296702.43253,pg_catalog,pg_largeobject,0,0,0,0,0,0,0,0,0,0,0,0,0,0,,,,
1416296702.43253,public,lineitem,18,599920137,90978,12535205,60045669,0,0,0,60046174,0,10954725,7456068,160594,1657080,,,,
1416296702.43253,pg_catalog,pg_namespace,7915,236600,626789,573986,40,0,0,0,40,0,6823,575179,18316,668735,,,,
1416296702.43253,pg_catalog,pg_authid,3959,3959,106226,106226,0,0,0,0,0,0,7011,103174,26090,186362,,,,
1416296702.43253,pg_toast,pg_toast_12193,0,0,0,0,0,0,0,0,0,0,0,0,0,0,,,,
1416296702.43253,pg_catalog,pg_index,17861,2058857,478940,684338,1152,0,1124,0,138,0,30345,683515,28561,544491,,,,
1416296702.43253,pg_catalog,pg_ts_dict,0,0,0,0,0,0,0,0,0,0,0,0,0,0,,,,
1416296702.43253,information_schema,sql_features,0,0,,,0,0,0,0,0,0,0,0,,,0,0,0,0
1416296702.43253,pg_catalog,pg_class,44413,10992755,1903487,1829839,2426,652,2388,631,326,2,74695,2188656,61146,3848811,,,,
1416296702.43253,pg_toast,pg_toast_12183,0,0,0,0,0,0,0,0,0,0,0,0,0,0,,,,
1416296702.43253,information_schema,sql_sizing_profiles,0,0,,,0,0,0,0,0,0,0,0,,,0,0,0,0
1416296702.43253,pg_toast,pg_toast_2396,0,0,0,0,0,0,0,0,0,0,0,0,0,0,,,,
1416296702.43253,pg_catalog,pg_enum,0,0,0,0,0,0,0,0,0,0,0,0,0,0,,,,
1416296702.43253,pg_catalog,pg_db_role_setting,0,0,179043,0,0,0,0,0,0,0,0,0,8031,171012,0,0,0,0
1416296702.43253,pg_catalog,pg_seclabel,0,0,5770,0,0,0,0,0,0,0,0,0,628,5142,0,0,0,0
1416296702.43253,pg_toast,pg_toast_2609,0,0,0,0,0,0,0,0,0,0,0,0,0,0,,,,
1416296702.43253,public,part,10,16000000,47,2023788,2000000,0,0,0,2000000,0,121512,426398,5640,131,,,,
1416296702.43253,pg_toast,pg_toast_1255,0,0,0,0,0,0,0,0,0,0,0,0,0,0,,,,
1416296702.43253,pg_catalog,pg_rewrite,0,0,30193,28237,652,0,652,0,106,41,13208,20225,5644,46012,10777,15593,4123,18607
1416296702.43253,pg_catalog,pg_ts_config,0,0,0,0,0,0,0,0,0,0,0,0,0,0,,,,
1416296702.43253,pg_catalog,pg_extension,0,0,0,0,0,0,0,0,0,0,0,0,0,0,,,,
1416296702.43253,pg_catalog,pg_amop,0,0,439333,618022,0,0,0,0,0,0,20938,597084,35820,911497,,,,
1416296702.43253,pg_catalog,pg_cast,0,0,1442446,387075,0,0,0,0,0,0,9124,377951,11557,1482294,,,,
1416296702.43253,pg_toast,pg_toast_2619,0,0,75034,247015,3471,0,3220,0,267,6,21767,101705,2257,151759,,,,
1416296702.43253,pg_toast,pg_toast_2604,0,0,0,0,0,0,0,0,0,0,0,0,0,0,,,,
1416296702.43253,public,time_statistics,8,43,,,10,8,0,8,10,8,2,24,,,,,,
1416296702.43253,public,customer,9,9000000,28,28,1500000,0,0,0,1500000,0,68533,294885,6,86,,,,
1416296762.43236,pg_catalog,pg_auth_members,0,0,0,0,0,0,0,0,0,0,0,0,0,0,,,,
1416296762.43236,pg_catalog,pg_operator,0,0,343668,1536179,0,0,0,0,0,0,61902,1038463,47025,720125,,,,
1416296762.43236,pg_catalog,pg_aggregate,0,0,23246,23246,0,0,0,0,0,0,4775,18471,9642,31649,,,,
1416296762.43236,pg_catalog,pg_pltemplate,0,0,0,0,0,0,0,0,0,0,0,0,0,0,,,,
1416296762.43236,pg_toast,pg_toast_12188,0,0,0,0,0,0,0,0,0,0,0,0,0,0,,,,
1416296762.43236,pg_catalog,pg_description,0,0,5770,0,0,0,0,0,0,0,0,0,2017,10787,0,0,0,0
1416296762.43236,pg_catalog,pg_language,0,0,0,0,0,0,0,0,0,0,0,0,0,0,,,,
1416296762.43236,pg_catalog,pg_ts_parser,0,0,0,0,0,0,0,0,0,0,0,0,0,0,,,,
1416296762.43236,pg_catalog,pg_shseclabel,0,0,0,0,0,0,0,0,0,0,0,0,0,0,,,,
1416296762.43236,pg_catalog,pg_foreign_table,0,0,0,0,0,0,0,0,0,0,0,0,0,0,,,,
1416296762.43236,information_schema,sql_packages,0,0,,,0,0,0,0,0,0,0,0,,,0,0,0,0
1416296762.43236,information_schema,sql_parts,0,0,,,0,0,0,0,0,0,0,0,,,0,0,0,0
1416296762.43236,pg_catalog,pg_attrdef,0,0,0,0,0,0,0,0,0,0,0,0,0,0,0,0,0,0
1416296762.43236,pg_catalog,pg_ts_template,0,0,0,0,0,0,0,0,0,0,0,0,0,0,,,,
1416296762.43236,pg_catalog,pg_foreign_server,0,0,0,0,0,0,0,0,0,0,0,0,0,0,,,,
1416296762.43236,pg_catalog,pg_default_acl,0,0,5096,0,0,0,0,0,0,0,0,0,577,4519,,,,
1416296762.43236,public,partsupp,4,24000000,48100,9714599,8000000,0,0,0,8000000,0,511569,2829795,37526,133616,,,,
1416296762.43236,pg_toast,pg_toast_12198,0,0,0,0,0,0,0,0,0,0,0,0,0,0,,,,
1416296762.43236,pg_toast,pg_toast_12208,0,0,0,0,0,0,0,0,0,0,0,0,0,0,,,,
1416296762.43236,pg_catalog,pg_attribute,4488,29784,1304430,2614255,9274,300,9096,264,2425,307,102939,1303095,45757,2664256,,,,
1416296762.43236,pg_catalog,pg_statistic,0,0,308853,251043,2119,5286,2056,4759,480,119,45087,221552,21460,644194,21777,101743,2257,151831
1416296762.43236,pg_toast,pg_toast_12203,0,0,0,0,0,0,0,0,0,0,0,0,0,0,,,,
1416296762.43236,pg_toast,pg_toast_2618,0,0,15102,49037,0,0,0,0,0,0,10780,15604,4123,18619,,,,
1416296762.43236,pg_toast,pg_toast_3596,0,0,0,0,0,0,0,0,0,0,0,0,0,0,,,,
1416296762.43236,pg_catalog,pg_depend,0,0,53490,57577,9845,0,9755,0,6294,421,9732,68024,16244,136608,,,,
1416296762.43236,information_schema,sql_languages,0,0,,,0,0,0,0,0,0,0,0,,,0,0,0,0
1416296762.43236,pg_catalog,pg_opclass,816,816,277415,3001131,0,0,0,0,0,0,13359,1036915,26395,332662,,,,
1416296762.43236,pg_catalog,pg_proc,0,0,559111,823483,0,0,0,0,0,0,79781,558331,72611,1168085,0,0,0,0
1416296762.43236,public,region,6292,31435,14,14,5,0,0,0,5,0,3,6300,6,13,,,,
1416296762.43236,information_schema,sql_implementation_info,0,0,,,0,0,0,0,0,0,0,0,,,0,0,0,0
1416296762.43236,pg_catalog,pg_trigger,0,0,0,0,0,0,0,0,0,0,0,0,0,0,0,0,0,0
1416296762.43236,public,nation,13,125,3307741,3307741,25,0,0,0,25,0,3,3307745,6,3307748,,,,
1416296762.43236,pg_catalog,pg_am,57412,57412,0,0,0,0,0,0,0,0,7825,49587,0,0,,,,
1416296762.43236,pg_catalog,pg_largeobject_metadata,0,0,0,0,0,0,0,0,0,0,0,0,0,0,,,,
1416296762.43236,pg_catalog,pg_ts_config_map,0,0,0,0,0,0,0,0,0,0,0,0,0,0,,,,
1416296762.43236,pg_catalog,pg_type,0,0,1130949,1121671,2517,0,2498,0,349,75,25083,1107763,31711,2285026,,,,
1416296762.43236,pg_catalog,pg_shdepend,0,0,7086,1315,0,0,0,0,0,0,611,704,2598,7028,,,,
1416296762.43236,public,supplier,12,600000,3307745,3307745,100000,0,0,0,100000,0,6670,3323393,556,6633433,,,,
1416296762.43236,information_schema,sql_sizing,0,0,,,0,0,0,0,0,0,0,0,,,0,0,0,0
1416296762.43236,pg_catalog,pg_conversion,0,0,0,0,0,0,0,0,0,0,0,0,0,0,,,,
1416296762.43236,pg_catalog,pg_foreign_data_wrapper,0,0,0,0,0,0,0,0,0,0,0,0,0,0,,,,
1416296762.43236,pg_catalog,pg_opfamily,0,0,0,0,0,0,0,0,0,0,0,0,0,0,,,,
1416296762.43236,pg_catalog,pg_shdescription,0,0,0,0,0,0,0,0,0,0,0,0,0,0,0,0,0,0
1416296762.43236,pg_catalog,pg_tablespace,2,4,41763,41763,0,0,0,0,0,0,6232,35533,12498,71028,,,,
1416296762.43236,public,orders,11,75015000,3258346,7820306,15015000,0,0,0,15015000,0,1031579,4797957,56374,9884479,,,,
1416296762.43236,pg_catalog,pg_inherits,0,0,1264,0,0,0,0,0,0,0,0,0,623,641,,,,
1416296762.43236,pg_toast,pg_toast_2606,0,0,0,0,0,0,0,0,0,0,0,0,0,0,,,,
1416296762.43236,pg_toast,pg_toast_2964,0,0,0,0,0,0,0,0,0,0,0,0,0,0,,,,
1416296762.43236,pg_catalog,pg_database,10593,41682,234356,234354,1,0,0,0,1,0,8160,236788,36906,316739,,,,
1416296762.43236,pg_toast,pg_toast_2620,0,0,0,0,0,0,0,0,0,0,0,0,0,0,,,,
1416296762.43236,pg_toast,pg_toast_12213,0,0,0,0,0,0,0,0,0,0,0,0,0,0,,,,
1416296762.43236,pg_catalog,pg_amproc,816,1632,213219,317020,0,0,0,0,0,0,9944,200295,26722,455976,,,,
1416296762.43236,pg_catalog,pg_collation,0,0,0,0,0,0,0,0,0,0,0,0,0,0,,,,
1416296762.43236,pg_catalog,pg_constraint,0,0,472,232,240,0,232,0,10,8,134,1339,242,2398,0,0,0,0
1416296762.43236,pg_catalog,pg_range,0,0,8931,0,0,0,0,0,0,0,0,0,7517,10345,,,,
1416296762.43236,pg_catalog,pg_user_mapping,0,0,0,0,0,0,0,0,0,0,0,0,0,0,,,,
1416296762.43236,pg_catalog,pg_largeobject,0,0,0,0,0,0,0,0,0,0,0,0,0,0,,,,
1416296762.43236,public,lineitem,20,720011475,104293,12933986,60045669,0,0,0,60046174,0,11479498,9463026,176733,1696222,,,,
1416296762.43236,pg_catalog,pg_namespace,7919,236784,627112,574293,40,0,0,0,40,0,6823,575490,18317,669075,,,,
1416296762.43236,pg_catalog,pg_authid,3961,3961,106262,106262,0,0,0,0,0,0,7011,103212,26090,186434,,,,
1416296762.43236,pg_toast,pg_toast_12193,0,0,0,0,0,0,0,0,0,0,0,0,0,0,,,,
1416296762.43236,pg_catalog,pg_index,17869,2059961,479071,684521,1152,0,1124,0,138,0,30345,683718,28561,544653,,,,
1416296762.43236,pg_catalog,pg_ts_dict,0,0,0,0,0,0,0,0,0,0,0,0,0,0,,,,
1416296762.43236,information_schema,sql_features,0,0,,,0,0,0,0,0,0,0,0,,,0,0,0,0
1416296762.43236,pg_catalog,pg_class,44431,10998054,1904275,1830613,2426,652,2388,631,326,2,74696,2189611,61146,3850424,,,,
1416296762.43236,pg_toast,pg_toast_12183,0,0,0,0,0,0,0,0,0,0,0,0,0,0,,,,
1416296762.43236,information_schema,sql_sizing_profiles,0,0,,,0,0,0,0,0,0,0,0,,,0,0,0,0
1416296762.43236,pg_toast,pg_toast_2396,0,0,0,0,0,0,0,0,0,0,0,0,0,0,,,,
1416296762.43236,pg_catalog,pg_enum,0,0,0,0,0,0,0,0,0,0,0,0,0,0,,,,
1416296762.43236,pg_catalog,pg_db_role_setting,0,0,179103,0,0,0,0,0,0,0,0,0,8031,171072,0,0,0,0
1416296762.43236,pg_catalog,pg_seclabel,0,0,5770,0,0,0,0,0,0,0,0,0,628,5142,0,0,0,0
1416296762.43236,pg_toast,pg_toast_2609,0,0,0,0,0,0,0,0,0,0,0,0,0,0,,,,
1416296762.43236,public,part,10,16000000,52,2037095,2000000,0,0,0,2000000,0,132909,426404,5725,144,,,,
1416296762.43236,pg_toast,pg_toast_1255,0,0,0,0,0,0,0,0,0,0,0,0,0,0,,,,
1416296762.43236,pg_catalog,pg_rewrite,0,0,30207,28251,652,0,652,0,106,41,13211,20236,5644,46036,10780,15604,4123,18619
1416296762.43236,pg_catalog,pg_ts_config,0,0,0,0,0,0,0,0,0,0,0,0,0,0,,,,
1416296762.43236,pg_catalog,pg_extension,0,0,0,0,0,0,0,0,0,0,0,0,0,0,,,,
1416296762.43236,pg_catalog,pg_amop,0,0,439453,618188,0,0,0,0,0,0,20938,597250,35820,911759,,,,
1416296762.43236,pg_catalog,pg_cast,0,0,1442864,387182,0,0,0,0,0,0,9124,378058,11557,1482728,,,,
1416296762.43236,pg_toast,pg_toast_2619,0,0,75066,247106,3471,0,3220,0,267,6,21777,101743,2257,151831,,,,
1416296762.43236,pg_toast,pg_toast_2604,0,0,0,0,0,0,0,0,0,0,0,0,0,0,,,,
1416296762.43236,public,time_statistics,10,64,,,12,10,0,10,12,10,2,30,,,,,,
1416296762.43236,public,customer,10,10500000,41,300306,1500000,0,0,0,1500000,0,103811,440293,843,111,,,,
1416296822.43546,pg_catalog,pg_auth_members,0,0,0,0,0,0,0,0,0,0,0,0,0,0,,,,
1416296822.43546,pg_catalog,pg_operator,0,0,343717,1536286,0,0,0,0,0,0,61902,1038548,47025,720243,,,,
1416296822.43546,pg_catalog,pg_aggregate,0,0,23249,23249,0,0,0,0,0,0,4775,18474,9642,31655,,,,
1416296822.43546,pg_catalog,pg_pltemplate,0,0,0,0,0,0,0,0,0,0,0,0,0,0,,,,
1416296822.43546,pg_toast,pg_toast_12188,0,0,0,0,0,0,0,0,0,0,0,0,0,0,,,,
1416296822.43546,pg_catalog,pg_description,0,0,5770,0,0,0,0,0,0,0,0,0,2017,10787,0,0,0,0
1416296822.43546,pg_catalog,pg_language,0,0,0,0,0,0,0,0,0,0,0,0,0,0,,,,
1416296822.43546,pg_catalog,pg_ts_parser,0,0,0,0,0,0,0,0,0,0,0,0,0,0,,,,
1416296822.43546,pg_catalog,pg_shseclabel,0,0,0,0,0,0,0,0,0,0,0,0,0,0,,,,
1416296822.43546,pg_catalog,pg_foreign_table,0,0,0,0,0,0,0,0,0,0,0,0,0,0,,,,
1416296822.43546,information_schema,sql_packages,0,0,,,0,0,0,0,0,0,0,0,,,0,0,0,0
1416296822.43546,information_schema,sql_parts,0,0,,,0,0,0,0,0,0,0,0,,,0,0,0,0
1416296822.43546,pg_catalog,pg_attrdef,0,0,0,0,0,0,0,0,0,0,0,0,0,0,0,0,0,0
1416296822.43546,pg_catalog,pg_ts_template,0,0,0,0,0,0,0,0,0,0,0,0,0,0,,,,
1416296822.43546,pg_catalog,pg_foreign_server,0,0,0,0,0,0,0,0,0,0,0,0,0,0,,,,
1416296822.43546,pg_catalog,pg_default_acl,0,0,5096,0,0,0,0,0,0,0,0,0,577,4519,,,,
1416296822.43546,public,partsupp,4,24000000,48100,9714599,8000000,0,0,0,8000000,0,511569,2829795,37526,133616,,,,
1416296822.43546,pg_toast,pg_toast_12198,0,0,0,0,0,0,0,0,0,0,0,0,0,0,,,,
1416296822.43546,pg_toast,pg_toast_12208,0,0,0,0,0,0,0,0,0,0,0,0,0,0,,,,
1416296822.43546,pg_catalog,pg_attribute,4488,29784,1304848,2614967,9274,300,9096,264,2425,307,102939,1303515,45757,2665105,,,,
1416296822.43546,pg_catalog,pg_statistic,0,0,308919,251094,2119,5286,2056,4759,480,119,45087,221603,21460,644338,21780,101766,2257,151872
1416296822.43546,pg_toast,pg_toast_12203,0,0,0,0,0,0,0,0,0,0,0,0,0,0,,,,
1416296822.43546,pg_toast,pg_toast_2618,0,0,15110,49063,0,0,0,0,0,0,10780,15618,4123,18631,,,,
1416296822.43546,pg_toast,pg_toast_3596,0,0,0,0,0,0,0,0,0,0,0,0,0,0,,,,
1416296822.43546,pg_catalog,pg_depend,0,0,53490,57577,9845,0,9755,0,6294,421,9732,68024,16244,136608,,,,
1416296822.43546,information_schema,sql_languages,0,0,,,0,0,0,0,0,0,0,0,,,0,0,0,0
1416296822.43546,pg_catalog,pg_opclass,816,816,277461,3001641,0,0,0,0,0,0,13359,1037085,26395,332727,,,,
1416296822.43546,pg_catalog,pg_proc,0,0,559281,823724,0,0,0,0,0,0,79782,558530,72611,1168461,0,0,0,0
1416296822.43546,public,region,6292,31435,14,14,5,0,0,0,5,0,3,6300,6,13,,,,
1416296822.43546,information_schema,sql_implementation_info,0,0,,,0,0,0,0,0,0,0,0,,,0,0,0,0
1416296822.43546,pg_catalog,pg_trigger,0,0,0,0,0,0,0,0,0,0,0,0,0,0,0,0,0,0
1416296822.43546,public,nation,14,150,3307743,3307743,25,0,0,0,25,0,3,3307748,6,3307751,,,,
1416296822.43546,pg_catalog,pg_am,57424,57424,0,0,0,0,0,0,0,0,7825,49599,0,0,,,,
1416296822.43546,pg_catalog,pg_largeobject_metadata,0,0,0,0,0,0,0,0,0,0,0,0,0,0,,,,
1416296822.43546,pg_catalog,pg_ts_config_map,0,0,0,0,0,0,0,0,0,0,0,0,0,0,,,,
1416296822.43546,pg_catalog,pg_type,0,0,1131183,1121905,2517,0,2498,0,349,75,25083,1107997,31711,2285507,,,,
1416296822.43546,pg_catalog,pg_shdepend,0,0,7086,1315,0,0,0,0,0,0,611,704,2598,7028,,,,
1416296822.43546,public,supplier,12,600000,3307750,3311770,100000,0,0,0,100000,0,6670,3325245,570,6633442,,,,
1416296822.43546,information_schema,sql_sizing,0,0,,,0,0,0,0,0,0,0,0,,,0,0,0,0
1416296822.43546,pg_catalog,pg_conversion,0,0,0,0,0,0,0,0,0,0,0,0,0,0,,,,
1416296822.43546,pg_catalog,pg_foreign_data_wrapper,0,0,0,0,0,0,0,0,0,0,0,0,0,0,,,,
1416296822.43546,pg_catalog,pg_opfamily,0,0,0,0,0,0,0,0,0,0,0,0,0,0,,,,
1416296822.43546,pg_catalog,pg_shdescription,0,0,0,0,0,0,0,0,0,0,0,0,0,0,0,0,0,0
1416296822.43546,pg_catalog,pg_tablespace,2,4,41775,41775,0,0,0,0,0,0,6232,35545,12498,71052,,,,
1416296822.43546,public,orders,11,75015000,4730737,9292697,15015000,0,0,0,15015000,0,1090178,6211749,97581,14268536,,,,
1416296822.43546,pg_catalog,pg_inherits,0,0,1264,0,0,0,0,0,0,0,0,0,623,641,,,,
1416296822.43546,pg_toast,pg_toast_2606,0,0,0,0,0,0,0,0,0,0,0,0,0,0,,,,
1416296822.43546,pg_toast,pg_toast_2964,0,0,0,0,0,0,0,0,0,0,0,0,0,0,,,,
1416296822.43546,pg_catalog,pg_database,10597,41698,234409,234407,1,0,0,0,1,0,8160,236845,36906,316818,,,,
1416296822.43546,pg_toast,pg_toast_2620,0,0,0,0,0,0,0,0,0,0,0,0,0,0,,,,
1416296822.43546,pg_toast,pg_toast_12213,0,0,0,0,0,0,0,0,0,0,0,0,0,0,,,,
1416296822.43546,pg_catalog,pg_amproc,816,1632,213261,317082,0,0,0,0,0,0,9944,200336,26722,456072,,,,
1416296822.43546,pg_catalog,pg_collation,0,0,0,0,0,0,0,0,0,0,0,0,0,0,,,,
1416296822.43546,pg_catalog,pg_constraint,0,0,472,232,240,0,232,0,10,8,134,1339,242,2398,0,0,0,0
1416296822.43546,pg_catalog,pg_range,0,0,8932,0,0,0,0,0,0,0,0,0,7517,10347,,,,
1416296822.43546,pg_catalog,pg_user_mapping,0,0,0,0,0,0,0,0,0,0,0,0,0,0,,,,
1416296822.43546,pg_catalog,pg_largeobject,0,0,0,0,0,0,0,0,0,0,0,0,0,0,,,,
1416296822.43546,public,lineitem,22,840102813,814516,14236504,60045669,0,0,0,60046174,0,12585933,11212234,339112,4378366,,,,
1416296822.43546,pg_catalog,pg_namespace,7923,236968,627426,574594,40,0,0,0,40,0,6823,575795,18317,669404,,,,
1416296822.43546,pg_catalog,pg_authid,3963,3963,106284,106284,0,0,0,0,0,0,7011,103236,26090,186478,,,,
1416296822.43546,pg_toast,pg_toast_12193,0,0,0,0,0,0,0,0,0,0,0,0,0,0,,,,
1416296822.43546,pg_catalog,pg_index,17877,2061065,479160,684641,1152,0,1124,0,138,0,30345,683858,28561,544765,,,,
1416296822.43546,pg_catalog,pg_ts_dict,0,0,0,0,0,0,0,0,0,0,0,0,0,0,,,,
1416296822.43546,information_schema,sql_features,0,0,,,0,0,0,0,0,0,0,0,,,0,0,0,0
1416296822.43546,pg_catalog,pg_class,44449,11003353,1904987,1831319,2426,652,2388,631,326,2,74696,2190499,61146,3851875,,,,
1416296822.43546,pg_toast,pg_toast_12183,0,0,0,0,0,0,0,0,0,0,0,0,0,0,,,,
1416296822.43546,information_schema,sql_sizing_profiles,0,0,,,0,0,0,0,0,0,0,0,,,0,0,0,0
1416296822.43546,pg_toast,pg_toast_2396,0,0,0,0,0,0,0,0,0,0,0,0,0,0,,,,
1416296822.43546,pg_catalog,pg_enum,0,0,0,0,0,0,0,0,0,0,0,0,0,0,,,,
1416296822.43546,pg_catalog,pg_db_role_setting,0,0,179142,0,0,0,0,0,0,0,0,0,8031,171111,0,0,0,0
1416296822.43546,pg_catalog,pg_seclabel,0,0,5770,0,0,0,0,0,0,0,0,0,628,5142,0,0,0,0
1416296822.43546,pg_toast,pg_toast_2609,0,0,0,0,0,0,0,0,0,0,0,0,0,0,,,,
1416296822.43546,public,part,10,16000000,52,2037095,2000000,0,0,0,2000000,0,132909,426404,5725,144,,,,
1416296822.43546,pg_toast,pg_toast_1255,0,0,0,0,0,0,0,0,0,0,0,0,0,0,,,,
1416296822.43546,pg_catalog,pg_rewrite,0,0,30221,28265,652,0,652,0,106,41,13211,20250,5644,46060,10780,15618,4123,18631
1416296822.43546,pg_catalog,pg_ts_config,0,0,0,0,0,0,0,0,0,0,0,0,0,0,,,,
1416296822.43546,pg_catalog,pg_extension,0,0,0,0,0,0,0,0,0,0,0,0,0,0,,,,
1416296822.43546,pg_catalog,pg_amop,0,0,439541,618301,0,0,0,0,0,0,20938,597363,35820,911954,,,,
1416296822.43546,pg_catalog,pg_cast,0,0,1443068,387251,0,0,0,0,0,0,9124,378127,11557,1482945,,,,
1416296822.43546,pg_toast,pg_toast_2619,0,0,75083,247151,3471,0,3220,0,267,6,21780,101766,2257,151872,,,,
1416296822.43546,pg_toast,pg_toast_2604,0,0,0,0,0,0,0,0,0,0,0,0,0,0,,,,
1416296822.43546,public,time_statistics,11,76,,,13,11,0,11,13,11,2,33,,,,,,
1416296822.43546,public,customer,10,10500000,41,300306,1500000,0,0,0,1500000,0,103811,440293,843,111,,,,
1416296882.43974,pg_catalog,pg_auth_members,0,0,0,0,0,0,0,0,0,0,0,0,0,0,,,,
1416296882.43974,pg_catalog,pg_operator,0,0,343764,1536393,0,0,0,0,0,0,61902,1038631,47025,720357,,,,
1416296882.43974,pg_catalog,pg_aggregate,0,0,23253,23253,0,0,0,0,0,0,4775,18478,9642,31662,,,,
1416296882.43974,pg_catalog,pg_pltemplate,0,0,0,0,0,0,0,0,0,0,0,0,0,0,,,,
1416296882.43974,pg_toast,pg_toast_12188,0,0,0,0,0,0,0,0,0,0,0,0,0,0,,,,
1416296882.43974,pg_catalog,pg_description,0,0,5770,0,0,0,0,0,0,0,0,0,2017,10787,0,0,0,0
1416296882.43974,pg_catalog,pg_language,0,0,0,0,0,0,0,0,0,0,0,0,0,0,,,,
1416296882.43974,pg_catalog,pg_ts_parser,0,0,0,0,0,0,0,0,0,0,0,0,0,0,,,,
1416296882.43974,pg_catalog,pg_shseclabel,0,0,0,0,0,0,0,0,0,0,0,0,0,0,,,,
1416296882.43974,pg_catalog,pg_foreign_table,0,0,0,0,0,0,0,0,0,0,0,0,0,0,,,,
1416296882.43974,information_schema,sql_packages,0,0,,,0,0,0,0,0,0,0,0,,,0,0,0,0
1416296882.43974,information_schema,sql_parts,0,0,,,0,0,0,0,0,0,0,0,,,0,0,0,0
1416296882.43974,pg_catalog,pg_attrdef,0,0,0,0,0,0,0,0,0,0,0,0,0,0,0,0,0,0
1416296882.43974,pg_catalog,pg_ts_template,0,0,0,0,0,0,0,0,0,0,0,0,0,0,,,,
1416296882.43974,pg_catalog,pg_foreign_server,0,0,0,0,0,0,0,0,0,0,0,0,0,0,,,,
1416296882.43974,pg_catalog,pg_default_acl,0,0,5096,0,0,0,0,0,0,0,0,0,577,4519,,,,
1416296882.43974,public,partsupp,4,24000000,48100,9714599,8000000,0,0,0,8000000,0,511569,2829795,37526,133616,,,,
1416296882.43974,pg_toast,pg_toast_12198,0,0,0,0,0,0,0,0,0,0,0,0,0,0,,,,
1416296882.43974,pg_toast,pg_toast_12208,0,0,0,0,0,0,0,0,0,0,0,0,0,0,,,,
1416296882.43974,pg_catalog,pg_attribute,4488,29784,1305251,2615646,9274,300,9096,264,2425,307,102939,1303920,45757,2665924,,,,
1416296882.43974,pg_catalog,pg_statistic,0,0,308978,251138,2119,5286,2056,4759,480,119,45088,221646,21460,644468,21785,101782,2257,151903
1416296882.43974,pg_toast,pg_toast_12203,0,0,0,0,0,0,0,0,0,0,0,0,0,0,,,,
1416296882.43974,pg_toast,pg_toast_2618,0,0,15118,49089,0,0,0,0,0,0,10783,15629,4123,18643,,,,
1416296882.43974,pg_toast,pg_toast_3596,0,0,0,0,0,0,0,0,0,0,0,0,0,0,,,,
1416296882.43974,pg_catalog,pg_depend,0,0,53490,57577,9845,0,9755,0,6294,421,9732,68024,16244,136608,,,,
1416296882.43974,information_schema,sql_languages,0,0,,,0,0,0,0,0,0,0,0,,,0,0,0,0
1416296882.43974,pg_catalog,pg_opclass,816,816,277509,3002153,0,0,0,0,0,0,13359,1037257,26395,332795,,,,
1416296882.43974,pg_catalog,pg_proc,0,0,559452,823966,0,0,0,0,0,0,79786,558727,72611,1168839,0,0,0,0
1416296882.43974,public,region,6292,31435,14,14,5,0,0,0,5,0,3,6300,6,13,,,,
1416296882.43974,information_schema,sql_implementation_info,0,0,,,0,0,0,0,0,0,0,0,,,0,0,0,0
1416296882.43974,pg_catalog,pg_trigger,0,0,0,0,0,0,0,0,0,0,0,0,0,0,0,0,0,0
1416296882.43974,public,nation,14,150,3307743,3307743,25,0,0,0,25,0,3,3307748,6,3307751,,,,
1416296882.43974,pg_catalog,pg_am,57437,57437,0,0,0,0,0,0,0,0,7825,49612,0,0,,,,
1416296882.43974,pg_catalog,pg_largeobject_metadata,0,0,0,0,0,0,0,0,0,0,0,0,0,0,,,,
1416296882.43974,pg_catalog,pg_ts_config_map,0,0,0,0,0,0,0,0,0,0,0,0,0,0,,,,
1416296882.43974,pg_catalog,pg_type,0,0,1131424,1122144,2517,0,2498,0,349,75,25083,1108236,31715,2286001,,,,
1416296882.43974,pg_catalog,pg_shdepend,0,0,7086,1315,0,0,0,0,0,0,611,704,2598,7028,,,,
1416296882.43974,public,supplier,12,600000,3307750,3311770,100000,0,0,0,100000,0,6670,3325245,570,6633442,,,,
1416296882.43974,information_schema,sql_sizing,0,0,,,0,0,0,0,0,0,0,0,,,0,0,0,0
1416296882.43974,pg_catalog,pg_conversion,0,0,0,0,0,0,0,0,0,0,0,0,0,0,,,,
1416296882.43974,pg_catalog,pg_foreign_data_wrapper,0,0,0,0,0,0,0,0,0,0,0,0,0,0,,,,
1416296882.43974,pg_catalog,pg_opfamily,0,0,0,0,0,0,0,0,0,0,0,0,0,0,,,,
1416296882.43974,pg_catalog,pg_shdescription,0,0,0,0,0,0,0,0,0,0,0,0,0,0,0,0,0,0
1416296882.43974,pg_catalog,pg_tablespace,2,4,41787,41787,0,0,0,0,0,0,6232,35557,12498,71076,,,,
1416296882.43974,public,orders,12,90030000,4730737,9292697,15015000,0,0,0,15015000,0,1091961,6463488,97581,14268536,,,,
1416296882.43974,pg_catalog,pg_inherits,0,0,1264,0,0,0,0,0,0,0,0,0,623,641,,,,
1416296882.43974,pg_toast,pg_toast_2606,0,0,0,0,0,0,0,0,0,0,0,0,0,0,,,,
1416296882.43974,pg_toast,pg_toast_2964,0,0,0,0,0,0,0,0,0,0,0,0,0,0,,,,
1416296882.43974,pg_catalog,pg_database,10601,41714,234464,234462,1,0,0,0,1,0,8160,236904,36906,316901,,,,
1416296882.43974,pg_toast,pg_toast_2620,0,0,0,0,0,0,0,0,0,0,0,0,0,0,,,,
1416296882.43974,pg_toast,pg_toast_12213,0,0,0,0,0,0,0,0,0,0,0,0,0,0,,,,
1416296882.43974,pg_catalog,pg_amproc,816,1632,213302,317145,0,0,0,0,0,0,9944,200377,26722,456167,,,,
1416296882.43974,pg_catalog,pg_collation,0,0,0,0,0,0,0,0,0,0,0,0,0,0,,,,
1416296882.43974,pg_catalog,pg_constraint,0,0,472,232,240,0,232,0,10,8,134,1339,242,2398,0,0,0,0
1416296882.43974,pg_catalog,pg_range,0,0,8933,0,0,0,0,0,0,0,0,0,7517,10349,,,,
1416296882.43974,pg_catalog,pg_user_mapping,0,0,0,0,0,0,0,0,0,0,0,0,0,0,,,,
1416296882.43974,pg_catalog,pg_largeobject,0,0,0,0,0,0,0,0,0,0,0,0,0,0,,,,
1416296882.43974,public,lineitem,22,840102813,814516,14236504,60045669,0,0,0,60046174,0,12585933,11212234,339112,4378366,,,,
1416296882.43974,pg_catalog,pg_namespace,7927,237152,627740,574895,40,0,0,0,40,0,6823,576100,18318,669732,,,,
1416296882.43974,pg_catalog,pg_authid,3965,3965,106308,106308,0,0,0,0,0,0,7011,103262,26090,186526,,,,
1416296882.43974,pg_toast,pg_toast_12193,0,0,0,0,0,0,0,0,0,0,0,0,0,0,,,,
1416296882.43974,pg_catalog,pg_index,17885,2062169,479241,684748,1152,0,1124,0,138,0,30345,683985,28561,544870,,,,
1416296882.43974,pg_catalog,pg_ts_dict,0,0,0,0,0,0,0,0,0,0,0,0,0,0,,,,
1416296882.43974,information_schema,sql_features,0,0,,,0,0,0,0,0,0,0,0,,,0,0,0,0
1416296882.43974,pg_catalog,pg_class,44467,11008652,1905686,1832014,2426,652,2388,631,326,2,74697,2191375,61146,3853301,,,,
1416296882.43974,pg_toast,pg_toast_12183,0,0,0,0,0,0,0,0,0,0,0,0,0,0,,,,
1416296882.43974,information_schema,sql_sizing_profiles,0,0,,,0,0,0,0,0,0,0,0,,,0,0,0,0
1416296882.43974,pg_toast,pg_toast_2396,0,0,0,0,0,0,0,0,0,0,0,0,0,0,,,,
1416296882.43974,pg_catalog,pg_enum,0,0,0,0,0,0,0,0,0,0,0,0,0,0,,,,
1416296882.43974,pg_catalog,pg_db_role_setting,0,0,179184,0,0,0,0,0,0,0,0,0,8031,171153,0,0,0,0
1416296882.43974,pg_catalog,pg_seclabel,0,0,5770,0,0,0,0,0,0,0,0,0,628,5142,0,0,0,0
1416296882.43974,pg_toast,pg_toast_2609,0,0,0,0,0,0,0,0,0,0,0,0,0,0,,,,
1416296882.43974,public,part,10,16000000,52,2037095,2000000,0,0,0,2000000,0,132909,426404,5725,144,,,,
1416296882.43974,pg_toast,pg_toast_1255,0,0,0,0,0,0,0,0,0,0,0,0,0,0,,,,
1416296882.43974,pg_catalog,pg_rewrite,0,0,30235,28279,652,0,652,0,106,41,13214,20261,5644,46084,10783,15629,4123,18643
1416296882.43974,pg_catalog,pg_ts_config,0,0,0,0,0,0,0,0,0,0,0,0,0,0,,,,
1416296882.43974,pg_catalog,pg_extension,0,0,0,0,0,0,0,0,0,0,0,0,0,0,,,,
1416296882.43974,pg_catalog,pg_amop,0,0,439628,618418,0,0,0,0,0,0,20938,597480,35820,912147,,,,
1416296882.43974,pg_catalog,pg_cast,0,0,1443286,387329,0,0,0,0,0,0,9124,378205,11557,1483176,,,,
1416296882.43974,pg_toast,pg_toast_2619,0,0,75095,247188,3471,0,3220,0,267,6,21785,101782,2257,151903,,,,
1416296882.43974,pg_toast,pg_toast_2604,0,0,0,0,0,0,0,0,0,0,0,0,0,0,,,,
1416296882.43974,public,time_statistics,12,89,,,14,12,0,12,14,12,2,36,,,,,,
1416296882.43974,public,customer,11,12000000,43,300308,1500000,0,0,0,1500000,0,111174,468210,848,113,,,,
1416296942.44199,pg_catalog,pg_auth_members,0,0,0,0,0,0,0,0,0,0,0,0,0,0,,,,
1416296942.44199,pg_catalog,pg_operator,0,0,343849,1536748,0,0,0,0,0,0,61903,1038883,47026,720555,,,,
1416296942.44199,pg_catalog,pg_aggregate,0,0,23260,23260,0,0,0,0,0,0,4775,18485,9642,31674,,,,
1416296942.44199,pg_catalog,pg_pltemplate,0,0,0,0,0,0,0,0,0,0,0,0,0,0,,,,
1416296942.44199,pg_toast,pg_toast_12188,0,0,0,0,0,0,0,0,0,0,0,0,0,0,,,,
1416296942.44199,pg_catalog,pg_description,0,0,5770,0,0,0,0,0,0,0,0,0,2017,10787,0,0,0,0
1416296942.44199,pg_catalog,pg_language,0,0,0,0,0,0,0,0,0,0,0,0,0,0,,,,
1416296942.44199,pg_catalog,pg_ts_parser,0,0,0,0,0,0,0,0,0,0,0,0,0,0,,,,
1416296942.44199,pg_catalog,pg_shseclabel,0,0,0,0,0,0,0,0,0,0,0,0,0,0,,,,
1416296942.44199,pg_catalog,pg_foreign_table,0,0,0,0,0,0,0,0,0,0,0,0,0,0,,,,
1416296942.44199,information_schema,sql_packages,0,0,,,0,0,0,0,0,0,0,0,,,0,0,0,0
1416296942.44199,information_schema,sql_parts,0,0,,,0,0,0,0,0,0,0,0,,,0,0,0,0
1416296942.44199,pg_catalog,pg_attrdef,0,0,0,0,0,0,0,0,0,0,0,0,0,0,0,0,0,0
1416296942.44199,pg_catalog,pg_ts_template,0,0,0,0,0,0,0,0,0,0,0,0,0,0,,,,
1416296942.44199,pg_catalog,pg_foreign_server,0,0,0,0,0,0,0,0,0,0,0,0,0,0,,,,
1416296942.44199,pg_catalog,pg_default_acl,0,0,5096,0,0,0,0,0,0,0,0,0,577,4519,,,,
1416296942.44199,public,partsupp,5,32000000,48102,9714601,8000000,0,0,0,8000000,0,682527,2829797,37532,133617,,,,
1416296942.44199,pg_toast,pg_toast_12198,0,0,0,0,0,0,0,0,0,0,0,0,0,0,,,,
1416296942.44199,pg_toast,pg_toast_12208,0,0,0,0,0,0,0,0,0,0,0,0,0,0,,,,
1416296942.44199,pg_catalog,pg_attribute,4488,29784,1305731,2616501,9274,300,9096,264,2425,307,102942,1304399,45757,2666906,,,,
1416296942.44199,pg_catalog,pg_statistic,0,0,309063,251202,2119,5286,2056,4759,480,119,45090,221708,21460,644654,21801,101812,2257,151970
1416296942.44199,pg_toast,pg_toast_12203,0,0,0,0,0,0,0,0,0,0,0,0,0,0,,,,
1416296942.44199,pg_toast,pg_toast_2618,0,0,15126,49115,0,0,0,0,0,0,10783,15643,4123,18655,,,,
1416296942.44199,pg_toast,pg_toast_3596,0,0,0,0,0,0,0,0,0,0,0,0,0,0,,,,
1416296942.44199,pg_catalog,pg_depend,0,0,53490,57577,9845,0,9755,0,6294,421,9732,68024,16244,136608,,,,
1416296942.44199,information_schema,sql_languages,0,0,,,0,0,0,0,0,0,0,0,,,0,0,0,0
1416296942.44199,pg_catalog,pg_opclass,816,816,277596,3003160,0,0,0,0,0,0,13359,1037606,26395,332911,,,,
1416296942.44199,pg_catalog,pg_proc,0,0,559667,824276,0,0,0,0,0,0,79788,558975,72613,1169315,0,0,0,0
1416296942.44199,public,region,6292,31435,14,14,5,0,0,0,5,0,3,6300,6,13,,,,
1416296942.44199,information_schema,sql_implementation_info,0,0,,,0,0,0,0,0,0,0,0,,,0,0,0,0
1416296942.44199,pg_catalog,pg_trigger,0,0,0,0,0,0,0,0,0,0,0,0,0,0,0,0,0,0
1416296942.44199,public,nation,14,150,3307743,3307743,25,0,0,0,25,0,3,3307748,6,3307751,,,,
1416296942.44199,pg_catalog,pg_am,57457,57457,0,0,0,0,0,0,0,0,7825,49632,0,0,,,,
1416296942.44199,pg_catalog,pg_largeobject_metadata,0,0,0,0,0,0,0,0,0,0,0,0,0,0,,,,
1416296942.44199,pg_catalog,pg_ts_config_map,0,0,0,0,0,0,0,0,0,0,0,0,0,0,,,,
1416296942.44199,pg_catalog,pg_type,0,0,1131823,1122541,2517,0,2498,0,349,75,25083,1108633,31715,2286822,,,,
1416296942.44199,pg_catalog,pg_shdepend,0,0,7086,1315,0,0,0,0,0,0,611,704,2598,7028,,,,
1416296942.44199,public,supplier,12,600000,3307751,3311826,100000,0,0,0,100000,0,6670,3325300,572,6633442,,,,
1416296942.44199,information_schema,sql_sizing,0,0,,,0,0,0,0,0,0,0,0,,,0,0,0,0
1416296942.44199,pg_catalog,pg_conversion,0,0,0,0,0,0,0,0,0,0,0,0,0,0,,,,
1416296942.44199,pg_catalog,pg_foreign_data_wrapper,0,0,0,0,0,0,0,0,0,0,0,0,0,0,,,,
1416296942.44199,pg_catalog,pg_opfamily,0,0,0,0,0,0,0,0,0,0,0,0,0,0,,,,
1416296942.44199,pg_catalog,pg_shdescription,0,0,0,0,0,0,0,0,0,0,0,0,0,0,0,0,0,0
1416296942.44199,pg_catalog,pg_tablespace,2,4,41803,41803,0,0,0,0,0,0,6232,35573,12498,71108,,,,
1416296942.44199,public,orders,14,120060000,4730739,9292699,15015000,0,0,0,15015000,0,1091961,6970534,97582,14268542,,,,
1416296942.44199,pg_catalog,pg_inherits,0,0,1264,0,0,0,0,0,0,0,0,0,623,641,,,,
1416296942.44199,pg_toast,pg_toast_2606,0,0,0,0,0,0,0,0,0,0,0,0,0,0,,,,
1416296942.44199,pg_toast,pg_toast_2964,0,0,0,0,0,0,0,0,0,0,0,0,0,0,,,,
1416296942.44199,pg_catalog,pg_database,10605,41730,234541,234539,1,0,0,0,1,0,8160,236985,36906,317020,,,,
1416296942.44199,pg_toast,pg_toast_2620,0,0,0,0,0,0,0,0,0,0,0,0,0,0,,,,
1416296942.44199,pg_toast,pg_toast_12213,0,0,0,0,0,0,0,0,0,0,0,0,0,0,,,,
1416296942.44199,pg_catalog,pg_amproc,816,1632,213376,317249,0,0,0,0,0,0,9944,200448,26722,456335,,,,
1416296942.44199,pg_catalog,pg_collation,0,0,0,0,0,0,0,0,0,0,0,0,0,0,,,,
1416296942.44199,pg_catalog,pg_constraint,0,0,472,232,240,0,232,0,10,8,134,1339,242,2398,0,0,0,0
1416296942.44199,pg_catalog,pg_range,0,0,8936,0,0,0,0,0,0,0,0,0,7517,10355,,,,
1416296942.44199,pg_catalog,pg_user_mapping,0,0,0,0,0,0,0,0,0,0,0,0,0,0,,,,
1416296942.44199,pg_catalog,pg_largeobject,0,0,0,0,0,0,0,0,0,0,0,0,0,0,,,,
1416296942.44199,public,lineitem,23,900148482,814518,14236506,60045669,0,0,0,60046174,0,13102308,11762336,339113,4378374,,,,
1416296942.44199,pg_catalog,pg_namespace,7931,237336,628070,575206,40,0,0,0,40,0,6823,576415,18318,670083,,,,
1416296942.44199,pg_catalog,pg_authid,3967,3967,106346,106346,0,0,0,0,0,0,7011,103302,26090,186602,,,,
1416296942.44199,pg_toast,pg_toast_12193,0,0,0,0,0,0,0,0,0,0,0,0,0,0,,,,
1416296942.44199,pg_catalog,pg_index,17893,2063273,479365,684918,1152,0,1124,0,138,0,30345,684175,28561,545027,,,,
1416296942.44199,pg_catalog,pg_ts_dict,0,0,0,0,0,0,0,0,0,0,0,0,0,0,,,,
1416296942.44199,information_schema,sql_features,0,0,,,0,0,0,0,0,0,0,0,,,0,0,0,0
1416296942.44199,pg_catalog,pg_class,44485,11013951,1906471,1832785,2426,652,2388,631,326,2,74697,2192328,61146,3854912,,,,
1416296942.44199,pg_toast,pg_toast_12183,0,0,0,0,0,0,0,0,0,0,0,0,0,0,,,,
1416296942.44199,information_schema,sql_sizing_profiles,0,0,,,0,0,0,0,0,0,0,0,,,0,0,0,0
1416296942.44199,pg_toast,pg_toast_2396,0,0,0,0,0,0,0,0,0,0,0,0,0,0,,,,
1416296942.44199,pg_catalog,pg_enum,0,0,0,0,0,0,0,0,0,0,0,0,0,0,,,,
1416296942.44199,pg_catalog,pg_db_role_setting,0,0,179247,0,0,0,0,0,0,0,0,0,8031,171216,0,0,0,0
1416296942.44199,pg_catalog,pg_seclabel,0,0,5770,0,0,0,0,0,0,0,0,0,628,5142,0,0,0,0
1416296942.44199,pg_toast,pg_toast_2609,0,0,0,0,0,0,0,0,0,0,0,0,0,0,,,,
1416296942.44199,public,part,10,16000000,62,2357591,2000000,0,0,0,2000000,0,173425,426406,6625,153,,,,
1416296942.44199,pg_toast,pg_toast_1255,0,0,0,0,0,0,0,0,0,0,0,0,0,0,,,,
1416296942.44199,pg_catalog,pg_rewrite,0,0,30249,28293,652,0,652,0,106,41,13214,20275,5644,46108,10783,15643,4123,18655
1416296942.44199,pg_catalog,pg_ts_config,0,0,0,0,0,0,0,0,0,0,0,0,0,0,,,,
1416296942.44199,pg_catalog,pg_extension,0,0,0,0,0,0,0,0,0,0,0,0,0,0,,,,
1416296942.44199,pg_catalog,pg_amop,0,0,439769,618616,0,0,0,0,0,0,20938,597678,35820,912454,,,,
1416296942.44199,pg_catalog,pg_cast,0,0,1443758,387449,0,0,0,0,0,0,9124,378325,11557,1483667,,,,
1416296942.44199,pg_toast,pg_toast_2619,0,0,75124,247280,3471,0,3220,0,267,6,21801,101812,2257,151970,,,,
1416296942.44199,pg_toast,pg_toast_2604,0,0,0,0,0,0,0,0,0,0,0,0,0,0,,,,
1416296942.44199,public,time_statistics,15,134,,,17,15,0,15,17,15,2,45,,,,,,
1416296942.44199,public,customer,11,12000000,64,1173172,1500000,0,0,0,1500000,0,111174,573947,3594,150,,,,
1416297002.44255,pg_catalog,pg_auth_members,0,0,0,0,0,0,0,0,0,0,0,0,0,0,,,,
1416297002.44255,pg_catalog,pg_operator,0,0,343935,1537074,0,0,0,0,0,0,61904,1039119,47028,720753,,,,
1416297002.44255,pg_catalog,pg_aggregate,0,0,23266,23266,0,0,0,0,0,0,4775,18491,9642,31685,,,,
1416297002.44255,pg_catalog,pg_pltemplate,0,0,0,0,0,0,0,0,0,0,0,0,0,0,,,,
1416297002.44255,pg_toast,pg_toast_12188,0,0,0,0,0,0,0,0,0,0,0,0,0,0,,,,
1416297002.44255,pg_catalog,pg_description,0,0,5774,0,0,0,0,0,0,0,0,0,2020,10793,0,0,0,0
1416297002.44255,pg_catalog,pg_language,0,0,0,0,0,0,0,0,0,0,0,0,0,0,,,,
1416297002.44255,pg_catalog,pg_ts_parser,0,0,0,0,0,0,0,0,0,0,0,0,0,0,,,,
1416297002.44255,pg_catalog,pg_shseclabel,0,0,0,0,0,0,0,0,0,0,0,0,0,0,,,,
1416297002.44255,pg_catalog,pg_foreign_table,0,0,0,0,0,0,0,0,0,0,0,0,0,0,,,,
1416297002.44255,information_schema,sql_packages,0,0,,,0,0,0,0,0,0,0,0,,,0,0,0,0
1416297002.44255,information_schema,sql_parts,0,0,,,0,0,0,0,0,0,0,0,,,0,0,0,0
1416297002.44255,pg_catalog,pg_attrdef,0,0,0,0,0,0,0,0,0,0,0,0,0,0,0,0,0,0
1416297002.44255,pg_catalog,pg_ts_template,0,0,0,0,0,0,0,0,0,0,0,0,0,0,,,,
1416297002.44255,pg_catalog,pg_foreign_server,0,0,0,0,0,0,0,0,0,0,0,0,0,0,,,,
1416297002.44255,pg_catalog,pg_default_acl,0,0,5100,0,0,0,0,0,0,0,0,0,578,4522,,,,
1416297002.44255,public,partsupp,5,32000000,56056,10350289,8000000,0,0,0,8000000,0,827219,3320793,42024,154712,,,,
1416297002.44255,pg_toast,pg_toast_12198,0,0,0,0,0,0,0,0,0,0,0,0,0,0,,,,
1416297002.44255,pg_toast,pg_toast_12208,0,0,0,0,0,0,0,0,0,0,0,0,0,0,,,,
1416297002.44255,pg_catalog,pg_attribute,4488,29784,1306229,2617412,9276,300,9098,264,2425,309,102950,1304898,45760,2667934,,,,
1416297002.44255,pg_catalog,pg_statistic,0,0,309147,251264,2119,5286,2056,4759,480,119,45093,221767,21460,644838,21823,101843,2257,152043
1416297002.44255,pg_toast,pg_toast_12203,0,0,0,0,0,0,0,0,0,0,0,0,0,0,,,,
1416297002.44255,pg_toast,pg_toast_2618,0,0,15134,49141,0,0,0,0,0,0,10786,15654,4123,18667,,,,
1416297002.44255,pg_toast,pg_toast_3596,0,0,0,0,0,0,0,0,0,0,0,0,0,0,,,,
1416297002.44255,pg_catalog,pg_depend,0,0,53534,57629,9854,0,9764,0,6294,430,9747,68070,16264,136714,,,,
1416297002.44255,information_schema,sql_languages,0,0,,,0,0,0,0,0,0,0,0,,,0,0,0,0
1416297002.44255,pg_catalog,pg_opclass,816,816,277667,3003847,0,0,0,0,0,0,13359,1037847,26395,333014,,,,
1416297002.44255,pg_catalog,pg_proc,0,0,559880,824593,0,0,0,0,0,0,79795,559214,72615,1169788,0,0,0,0
1416297002.44255,public,region,6292,31435,14,14,5,0,0,0,5,0,3,6300,6,13,,,,
1416297002.44255,information_schema,sql_implementation_info,0,0,,,0,0,0,0,0,0,0,0,,,0,0,0,0
1416297002.44255,pg_catalog,pg_trigger,0,0,0,0,0,0,0,0,0,0,0,0,0,0,0,0,0,0
1416297002.44255,public,nation,16,200,3307747,3307747,25,0,0,0,25,0,4,3307753,8,3307754,,,,
1416297002.44255,pg_catalog,pg_am,57480,57480,0,0,0,0,0,0,0,0,7825,49655,0,0,,,,
1416297002.44255,pg_catalog,pg_largeobject_metadata,0,0,0,0,0,0,0,0,0,0,0,0,0,0,,,,
1416297002.44255,pg_catalog,pg_ts_config_map,0,0,0,0,0,0,0,0,0,0,0,0,0,0,,,,
1416297002.44255,pg_catalog,pg_type,0,0,1132202,1122915,2519,0,2500,0,349,77,25088,1109011,31719,2287605,,,,
1416297002.44255,pg_catalog,pg_shdepend,0,0,7091,1316,0,0,0,0,0,0,612,704,2602,7031,,,,
1416297002.44255,public,supplier,12,600000,3307762,3362773,100000,0,0,0,100000,0,8654,3328101,707,6633471,,,,
1416297002.44255,information_schema,sql_sizing,0,0,,,0,0,0,0,0,0,0,0,,,0,0,0,0
1416297002.44255,pg_catalog,pg_conversion,0,0,0,0,0,0,0,0,0,0,0,0,0,0,,,,
1416297002.44255,pg_catalog,pg_foreign_data_wrapper,0,0,0,0,0,0,0,0,0,0,0,0,0,0,,,,
1416297002.44255,pg_catalog,pg_opfamily,0,0,0,0,0,0,0,0,0,0,0,0,0,0,,,,
1416297002.44255,pg_catalog,pg_shdescription,0,0,0,0,0,0,0,0,0,0,0,0,0,0,0,0,0,0
1416297002.44255,pg_catalog,pg_tablespace,2,4,41819,41819,0,0,0,0,0,0,6232,35589,12498,71140,,,,
1416297002.44255,public,orders,14,120060000,4730742,9854360,15015000,0,0,0,15015000,0,1116901,7172658,99120,14268549,,,,
1416297002.44255,pg_catalog,pg_inherits,0,0,1265,0,0,0,0,0,0,0,0,0,624,641,,,,
1416297002.44255,pg_toast,pg_toast_2606,0,0,0,0,0,0,0,0,0,0,0,0,0,0,,,,
1416297002.44255,pg_toast,pg_toast_2964,0,0,0,0,0,0,0,0,0,0,0,0,0,0,,,,
1416297002.44255,pg_catalog,pg_database,10609,41746,234626,234624,1,0,0,0,1,0,8160,237074,36906,317153,,,,
1416297002.44255,pg_toast,pg_toast_2620,0,0,0,0,0,0,0,0,0,0,0,0,0,0,,,,
1416297002.44255,pg_toast,pg_toast_12213,0,0,0,0,0,0,0,0,0,0,0,0,0,0,,,,
1416297002.44255,pg_catalog,pg_amproc,816,1632,213438,317346,0,0,0,0,0,0,9944,200509,26722,456482,,,,
1416297002.44255,pg_catalog,pg_collation,0,0,0,0,0,0,0,0,0,0,0,0,0,0,,,,
1416297002.44255,pg_catalog,pg_constraint,0,0,472,232,240,0,232,0,10,8,134,1339,242,2398,0,0,0,0
1416297002.44255,pg_catalog,pg_range,0,0,8939,0,0,0,0,0,0,0,0,0,7517,10361,,,,
1416297002.44255,pg_catalog,pg_user_mapping,0,0,0,0,0,0,0,0,0,0,0,0,0,0,,,,
1416297002.44255,pg_catalog,pg_largeobject,0,0,0,0,0,0,0,0,0,0,0,0,0,0,,,,
1416297002.44255,public,lineitem,23,900148482,814523,56695692,60045669,0,0,0,60046174,0,14699245,12631959,449081,4384517,,,,
1416297002.44255,pg_catalog,pg_namespace,7935,237520,628403,575520,40,0,0,0,40,0,6823,576733,18319,670437,,,,
1416297002.44255,pg_catalog,pg_authid,3969,3969,106390,106390,0,0,0,0,0,0,7011,103348,26090,186690,,,,
1416297002.44255,pg_toast,pg_toast_12193,0,0,0,0,0,0,0,0,0,0,0,0,0,0,,,,
1416297002.44255,pg_catalog,pg_index,17901,2064377,479498,685097,1152,0,1124,0,138,0,30345,684369,28561,545196,,,,
1416297002.44255,pg_catalog,pg_ts_dict,0,0,0,0,0,0,0,0,0,0,0,0,0,0,,,,
1416297002.44255,information_schema,sql_features,0,0,,,0,0,0,0,0,0,0,0,,,0,0,0,0
1416297002.44255,pg_catalog,pg_class,44503,11019250,1907274,1833572,2427,653,2389,632,326,4,74701,2193301,61146,3856566,,,,
1416297002.44255,pg_toast,pg_toast_12183,0,0,0,0,0,0,0,0,0,0,0,0,0,0,,,,
1416297002.44255,information_schema,sql_sizing_profiles,0,0,,,0,0,0,0,0,0,0,0,,,0,0,0,0
1416297002.44255,pg_toast,pg_toast_2396,0,0,0,0,0,0,0,0,0,0,0,0,0,0,,,,
1416297002.44255,pg_catalog,pg_enum,0,0,0,0,0,0,0,0,0,0,0,0,0,0,,,,
1416297002.44255,pg_catalog,pg_db_role_setting,0,0,179319,0,0,0,0,0,0,0,0,0,8031,171288,0,0,0,0
1416297002.44255,pg_catalog,pg_seclabel,0,0,5774,0,0,0,0,0,0,0,0,0,629,5145,0,0,0,0
1416297002.44255,pg_toast,pg_toast_2609,0,0,0,0,0,0,0,0,0,0,0,0,0,0,,,,
1416297002.44255,public,part,10,16000000,62,2357591,2000000,0,0,0,2000000,0,173425,426406,6625,153,,,,
1416297002.44255,pg_toast,pg_toast_1255,0,0,0,0,0,0,0,0,0,0,0,0,0,0,,,,
1416297002.44255,pg_catalog,pg_rewrite,0,0,30269,28310,653,0,653,0,106,42,13219,20291,5646,46140,10786,15654,4123,18667
1416297002.44255,pg_catalog,pg_ts_config,0,0,0,0,0,0,0,0,0,0,0,0,0,0,,,,
1416297002.44255,pg_catalog,pg_extension,0,0,0,0,0,0,0,0,0,0,0,0,0,0,,,,
1416297002.44255,pg_catalog,pg_amop,0,0,439882,618770,0,0,0,0,0,0,20938,597832,35821,912704,,,,
1416297002.44255,pg_catalog,pg_cast,0,0,1444124,387563,0,0,0,0,0,0,9124,378439,11557,1484052,,,,
1416297002.44255,pg_toast,pg_toast_2619,0,0,75156,247385,3471,0,3220,0,267,6,21823,101843,2257,152043,,,,
1416297002.44255,pg_toast,pg_toast_2604,0,0,0,0,0,0,0,0,0,0,0,0,0,0,,,,
1416297002.44255,public,time_statistics,18,188,,,20,18,0,18,20,18,2,54,,,,,,
1416297002.44255,public,customer,11,12000000,64,1173172,1500000,0,0,0,1500000,0,111174,573947,3594,150,,,,
1416297062.44599,pg_catalog,pg_auth_members,0,0,0,0,0,0,0,0,0,0,0,0,0,0,,,,
1416297062.44599,pg_catalog,pg_operator,0,0,343988,1537271,0,0,0,0,0,0,61904,1039262,47028,720879,,,,
1416297062.44599,pg_catalog,pg_aggregate,0,0,23272,23272,0,0,0,0,0,0,4775,18497,9642,31694,,,,
1416297062.44599,pg_catalog,pg_pltemplate,0,0,0,0,0,0,0,0,0,0,0,0,0,0,,,,
1416297062.44599,pg_toast,pg_toast_12188,0,0,0,0,0,0,0,0,0,0,0,0,0,0,,,,
1416297062.44599,pg_catalog,pg_description,0,0,5774,0,0,0,0,0,0,0,0,0,2020,10793,0,0,0,0
1416297062.44599,pg_catalog,pg_language,0,0,0,0,0,0,0,0,0,0,0,0,0,0,,,,
1416297062.44599,pg_catalog,pg_ts_parser,0,0,0,0,0,0,0,0,0,0,0,0,0,0,,,,
1416297062.44599,pg_catalog,pg_shseclabel,0,0,0,0,0,0,0,0,0,0,0,0,0,0,,,,
1416297062.44599,pg_catalog,pg_foreign_table,0,0,0,0,0,0,0,0,0,0,0,0,0,0,,,,
1416297062.44599,information_schema,sql_packages,0,0,,,0,0,0,0,0,0,0,0,,,0,0,0,0
1416297062.44599,information_schema,sql_parts,0,0,,,0,0,0,0,0,0,0,0,,,0,0,0,0
1416297062.44599,pg_catalog,pg_attrdef,0,0,0,0,0,0,0,0,0,0,0,0,0,0,0,0,0,0
1416297062.44599,pg_catalog,pg_ts_template,0,0,0,0,0,0,0,0,0,0,0,0,0,0,,,,
1416297062.44599,pg_catalog,pg_foreign_server,0,0,0,0,0,0,0,0,0,0,0,0,0,0,,,,
1416297062.44599,pg_catalog,pg_default_acl,0,0,5100,0,0,0,0,0,0,0,0,0,578,4522,,,,
1416297062.44599,public,partsupp,5,32000000,56056,10350289,8000000,0,0,0,8000000,0,827219,3320793,42024,154712,,,,
1416297062.44599,pg_toast,pg_toast_12198,0,0,0,0,0,0,0,0,0,0,0,0,0,0,,,,
1416297062.44599,pg_toast,pg_toast_12208,0,0,0,0,0,0,0,0,0,0,0,0,0,0,,,,
1416297062.44599,pg_catalog,pg_attribute,4488,29784,1306637,2618100,9276,300,9098,264,2425,309,102950,1305308,45760,2668766,,,,
1416297062.44599,pg_catalog,pg_statistic,0,0,309208,251310,2119,5286,2056,4759,480,119,45093,221813,21460,644972,21823,101862,2257,152072
1416297062.44599,pg_toast,pg_toast_12203,0,0,0,0,0,0,0,0,0,0,0,0,0,0,,,,
1416297062.44599,pg_toast,pg_toast_2618,0,0,15142,49167,0,0,0,0,0,0,10786,15668,4123,18679,,,,
1416297062.44599,pg_toast,pg_toast_3596,0,0,0,0,0,0,0,0,0,0,0,0,0,0,,,,
1416297062.44599,pg_catalog,pg_depend,0,0,53534,57629,9854,0,9764,0,6294,430,9747,68070,16264,136714,,,,
1416297062.44599,information_schema,sql_languages,0,0,,,0,0,0,0,0,0,0,0,,,0,0,0,0
1416297062.44599,pg_catalog,pg_opclass,816,816,277711,3004279,0,0,0,0,0,0,13359,1037992,26395,333079,,,,
1416297062.44599,pg_catalog,pg_proc,0,0,560061,824858,0,0,0,0,0,0,79796,559425,72616,1170185,0,0,0,0
1416297062.44599,public,region,6292,31435,14,14,5,0,0,0,5,0,3,6300,6,13,,,,
1416297062.44599,information_schema,sql_implementation_info,0,0,,,0,0,0,0,0,0,0,0,,,0,0,0,0
1416297062.44599,pg_catalog,pg_trigger,0,0,0,0,0,0,0,0,0,0,0,0,0,0,0,0,0,0
1416297062.44599,public,nation,16,200,3307747,3307747,25,0,0,0,25,0,4,3307753,8,3307754,,,,
1416297062.44599,pg_catalog,pg_am,57494,57494,0,0,0,0,0,0,0,0,7825,49669,0,0,,,,
1416297062.44599,pg_catalog,pg_largeobject_metadata,0,0,0,0,0,0,0,0,0,0,0,0,0,0,,,,
1416297062.44599,pg_catalog,pg_ts_config_map,0,0,0,0,0,0,0,0,0,0,0,0,0,0,,,,
1416297062.44599,pg_catalog,pg_type,0,0,1132455,1123168,2519,0,2500,0,349,77,25088,1109264,31719,2288125,,,,
1416297062.44599,pg_catalog,pg_shdepend,0,0,7091,1316,0,0,0,0,0,0,612,704,2602,7031,,,,
1416297062.44599,public,supplier,12,600000,3307762,3362773,100000,0,0,0,100000,0,8654,3328101,707,6633471,,,,
1416297062.44599,information_schema,sql_sizing,0,0,,,0,0,0,0,0,0,0,0,,,0,0,0,0
1416297062.44599,pg_catalog,pg_conversion,0,0,0,0,0,0,0,0,0,0,0,0,0,0,,,,
1416297062.44599,pg_catalog,pg_foreign_data_wrapper,0,0,0,0,0,0,0,0,0,0,0,0,0,0,,,,
1416297062.44599,pg_catalog,pg_opfamily,0,0,0,0,0,0,0,0,0,0,0,0,0,0,,,,
1416297062.44599,pg_catalog,pg_shdescription,0,0,0,0,0,0,0,0,0,0,0,0,0,0,0,0,0,0
1416297062.44599,pg_catalog,pg_tablespace,2,4,41831,41831,0,0,0,0,0,0,6232,35601,12498,71164,,,,
1416297062.44599,public,orders,14,120060000,4730742,9854360,15015000,0,0,0,15015000,0,1116901,7172658,99120,14268549,,,,
1416297062.44599,pg_catalog,pg_inherits,0,0,1265,0,0,0,0,0,0,0,0,0,624,641,,,,
1416297062.44599,pg_toast,pg_toast_2606,0,0,0,0,0,0,0,0,0,0,0,0,0,0,,,,
1416297062.44599,pg_toast,pg_toast_2964,0,0,0,0,0,0,0,0,0,0,0,0,0,0,,,,
1416297062.44599,pg_catalog,pg_database,10613,41762,234685,234683,1,0,0,0,1,0,8160,237137,36906,317242,,,,
1416297062.44599,pg_toast,pg_toast_2620,0,0,0,0,0,0,0,0,0,0,0,0,0,0,,,,
1416297062.44599,pg_toast,pg_toast_12213,0,0,0,0,0,0,0,0,0,0,0,0,0,0,,,,
1416297062.44599,pg_catalog,pg_amproc,816,1632,213479,317409,0,0,0,0,0,0,9944,200549,26722,456578,,,,
1416297062.44599,pg_catalog,pg_collation,0,0,0,0,0,0,0,0,0,0,0,0,0,0,,,,
1416297062.44599,pg_catalog,pg_constraint,0,0,472,232,240,0,232,0,10,8,134,1339,242,2398,0,0,0,0
1416297062.44599,pg_catalog,pg_range,0,0,8940,0,0,0,0,0,0,0,0,0,7517,10363,,,,
1416297062.44599,pg_catalog,pg_user_mapping,0,0,0,0,0,0,0,0,0,0,0,0,0,0,,,,
1416297062.44599,pg_catalog,pg_largeobject,0,0,0,0,0,0,0,0,0,0,0,0,0,0,,,,
1416297062.44599,public,lineitem,24,960194151,814523,56695692,60045669,0,0,0,60046174,0,15081311,13316368,449081,4384517,,,,
1416297062.44599,pg_catalog,pg_namespace,7939,237704,628718,575822,40,0,0,0,40,0,6823,577039,18319,670767,,,,
1416297062.44599,pg_catalog,pg_authid,3971,3971,106416,106416,0,0,0,0,0,0,7011,103376,26090,186742,,,,
1416297062.44599,pg_toast,pg_toast_12193,0,0,0,0,0,0,0,0,0,0,0,0,0,0,,,,
1416297062.44599,pg_catalog,pg_index,17909,2065481,479579,685205,1152,0,1124,0,138,0,30345,684497,28561,545302,,,,
1416297062.44599,pg_catalog,pg_ts_dict,0,0,0,0,0,0,0,0,0,0,0,0,0,0,,,,
1416297062.44599,information_schema,sql_features,0,0,,,0,0,0,0,0,0,0,0,,,0,0,0,0
1416297062.44599,pg_catalog,pg_class,44521,11024549,1907971,1834266,2427,653,2389,632,326,3,74701,2194177,61146,3857989,,,,
1416297062.44599,pg_toast,pg_toast_12183,0,0,0,0,0,0,0,0,0,0,0,0,0,0,,,,
1416297062.44599,information_schema,sql_sizing_profiles,0,0,,,0,0,0,0,0,0,0,0,,,0,0,0,0
1416297062.44599,pg_toast,pg_toast_2396,0,0,0,0,0,0,0,0,0,0,0,0,0,0,,,,
1416297062.44599,pg_catalog,pg_enum,0,0,0,0,0,0,0,0,0,0,0,0,0,0,,,,
1416297062.44599,pg_catalog,pg_db_role_setting,0,0,179364,0,0,0,0,0,0,0,0,0,8031,171333,0,0,0,0
1416297062.44599,pg_catalog,pg_seclabel,0,0,5774,0,0,0,0,0,0,0,0,0,629,5145,0,0,0,0
1416297062.44599,pg_toast,pg_toast_2609,0,0,0,0,0,0,0,0,0,0,0,0,0,0,,,,
1416297062.44599,public,part,10,16000000,62,2357591,2000000,0,0,0,2000000,0,173425,426406,6625,153,,,,
1416297062.44599,pg_toast,pg_toast_1255,0,0,0,0,0,0,0,0,0,0,0,0,0,0,,,,
1416297062.44599,pg_catalog,pg_rewrite,0,0,30283,28324,653,0,653,0,106,42,13219,20305,5646,46164,10786,15668,4123,18679
1416297062.44599,pg_catalog,pg_ts_config,0,0,0,0,0,0,0,0,0,0,0,0,0,0,,,,
1416297062.44599,pg_catalog,pg_extension,0,0,0,0,0,0,0,0,0,0,0,0,0,0,,,,
1416297062.44599,pg_catalog,pg_amop,0,0,439962,618875,0,0,0,0,0,0,20938,597937,35821,912883,,,,
1416297062.44599,pg_catalog,pg_cast,0,0,1444336,387638,0,0,0,0,0,0,9124,378514,11557,1484277,,,,
1416297062.44599,pg_toast,pg_toast_2619,0,0,75167,247412,3471,0,3220,0,267,6,21823,101862,2257,152072,,,,
1416297062.44599,pg_toast,pg_toast_2604,0,0,0,0,0,0,0,0,0,0,0,0,0,0,,,,
1416297062.44599,public,time_statistics,19,208,,,21,19,0,19,21,19,2,57,,,,,,
1416297062.44599,public,customer,11,12000000,64,1173172,1500000,0,0,0,1500000,0,111174,573947,3594,150,,,,
1416297122.45046,pg_catalog,pg_auth_members,0,0,0,0,0,0,0,0,0,0,0,0,0,0,,,,
1416297122.45046,pg_catalog,pg_operator,0,0,344094,1537775,0,0,0,0,0,0,61904,1039618,47030,721117,,,,
1416297122.45046,pg_catalog,pg_aggregate,0,0,23277,23277,0,0,0,0,0,0,4775,18502,9642,31704,,,,
1416297122.45046,pg_catalog,pg_pltemplate,0,0,0,0,0,0,0,0,0,0,0,0,0,0,,,,
1416297122.45046,pg_toast,pg_toast_12188,0,0,0,0,0,0,0,0,0,0,0,0,0,0,,,,
1416297122.45046,pg_catalog,pg_description,0,0,5774,0,0,0,0,0,0,0,0,0,2020,10793,0,0,0,0
1416297122.45046,pg_catalog,pg_language,0,0,0,0,0,0,0,0,0,0,0,0,0,0,,,,
1416297122.45046,pg_catalog,pg_ts_parser,0,0,0,0,0,0,0,0,0,0,0,0,0,0,,,,
1416297122.45046,pg_catalog,pg_shseclabel,0,0,0,0,0,0,0,0,0,0,0,0,0,0,,,,
1416297122.45046,pg_catalog,pg_foreign_table,0,0,0,0,0,0,0,0,0,0,0,0,0,0,,,,
1416297122.45046,information_schema,sql_packages,0,0,,,0,0,0,0,0,0,0,0,,,0,0,0,0
1416297122.45046,information_schema,sql_parts,0,0,,,0,0,0,0,0,0,0,0,,,0,0,0,0
1416297122.45046,pg_catalog,pg_attrdef,0,0,0,0,0,0,0,0,0,0,0,0,0,0,0,0,0,0
1416297122.45046,pg_catalog,pg_ts_template,0,0,0,0,0,0,0,0,0,0,0,0,0,0,,,,
1416297122.45046,pg_catalog,pg_foreign_server,0,0,0,0,0,0,0,0,0,0,0,0,0,0,,,,
1416297122.45046,pg_catalog,pg_default_acl,0,0,5100,0,0,0,0,0,0,0,0,0,578,4522,,,,
1416297122.45046,public,partsupp,5,32000000,56056,10350289,8000000,0,0,0,8000000,0,827219,3320793,42024,154712,,,,
1416297122.45046,pg_toast,pg_toast_12198,0,0,0,0,0,0,0,0,0,0,0,0,0,0,,,,
1416297122.45046,pg_toast,pg_toast_12208,0,0,0,0,0,0,0,0,0,0,0,0,0,0,,,,
1416297122.45046,pg_catalog,pg_attribute,4488,29784,1307152,2619026,9276,300,9098,264,2425,309,102955,1305820,45760,2669819,,,,
1416297122.45046,pg_catalog,pg_statistic,0,0,309313,251394,2119,5286,2056,4759,480,119,45096,221894,21460,645198,21850,101904,2257,152161
1416297122.45046,pg_toast,pg_toast_12203,0,0,0,0,0,0,0,0,0,0,0,0,0,0,,,,
1416297122.45046,pg_toast,pg_toast_2618,0,0,15150,49193,0,0,0,0,0,0,10786,15682,4123,18691,,,,
1416297122.45046,pg_toast,pg_toast_3596,0,0,0,0,0,0,0,0,0,0,0,0,0,0,,,,
1416297122.45046,pg_catalog,pg_depend,0,0,53534,57629,9854,0,9764,0,6294,430,9747,68070,16264,136714,,,,
1416297122.45046,information_schema,sql_languages,0,0,,,0,0,0,0,0,0,0,0,,,0,0,0,0
1416297122.45046,pg_catalog,pg_opclass,816,816,277795,3005247,0,0,0,0,0,0,13359,1038323,26395,333189,,,,
1416297122.45046,pg_catalog,pg_proc,0,0,560285,825173,0,0,0,0,0,0,79804,559674,72617,1170680,0,0,0,0
1416297122.45046,public,region,6293,31440,16,16,5,0,0,0,5,0,4,6302,8,14,,,,
1416297122.45046,information_schema,sql_implementation_info,0,0,,,0,0,0,0,0,0,0,0,,,0,0,0,0
1416297122.45046,pg_catalog,pg_trigger,0,0,0,0,0,0,0,0,0,0,0,0,0,0,0,0,0,0
1416297122.45046,public,nation,17,225,3307758,3307782,25,0,0,0,25,0,4,3307765,9,3307766,,,,
1416297122.45046,pg_catalog,pg_am,57511,57511,0,0,0,0,0,0,0,0,7825,49686,0,0,,,,
1416297122.45046,pg_catalog,pg_largeobject_metadata,0,0,0,0,0,0,0,0,0,0,0,0,0,0,,,,
1416297122.45046,pg_catalog,pg_ts_config_map,0,0,0,0,0,0,0,0,0,0,0,0,0,0,,,,
1416297122.45046,pg_catalog,pg_type,0,0,1132869,1123582,2519,0,2500,0,349,77,25088,1109678,31720,2288973,,,,
1416297122.45046,pg_catalog,pg_shdepend,0,0,7091,1316,0,0,0,0,0,0,612,704,2602,7031,,,,
1416297122.45046,public,supplier,13,700000,3307766,3362777,100000,0,0,0,100000,0,10831,3328107,709,6633478,,,,
1416297122.45046,information_schema,sql_sizing,0,0,,,0,0,0,0,0,0,0,0,,,0,0,0,0
1416297122.45046,pg_catalog,pg_conversion,0,0,0,0,0,0,0,0,0,0,0,0,0,0,,,,
1416297122.45046,pg_catalog,pg_foreign_data_wrapper,0,0,0,0,0,0,0,0,0,0,0,0,0,0,,,,
1416297122.45046,pg_catalog,pg_opfamily,0,0,0,0,0,0,0,0,0,0,0,0,0,0,,,,
1416297122.45046,pg_catalog,pg_shdescription,0,0,0,0,0,0,0,0,0,0,0,0,0,0,0,0,0,0
1416297122.45046,pg_catalog,pg_tablespace,2,4,41847,41847,0,0,0,0,0,0,6232,35617,12498,71196,,,,
1416297122.45046,public,orders,14,120060000,4730750,12700049,15015000,0,0,0,15015000,0,1559848,7210857,106907,14268557,,,,
1416297122.45046,pg_catalog,pg_inherits,0,0,1265,0,0,0,0,0,0,0,0,0,624,641,,,,
1416297122.45046,pg_toast,pg_toast_2606,0,0,0,0,0,0,0,0,0,0,0,0,0,0,,,,
1416297122.45046,pg_toast,pg_toast_2964,0,0,0,0,0,0,0,0,0,0,0,0,0,0,,,,
1416297122.45046,pg_catalog,pg_database,10617,41778,234752,234750,1,0,0,0,1,0,8160,237208,36906,317345,,,,
1416297122.45046,pg_toast,pg_toast_2620,0,0,0,0,0,0,0,0,0,0,0,0,0,0,,,,
1416297122.45046,pg_toast,pg_toast_12213,0,0,0,0,0,0,0,0,0,0,0,0,0,0,,,,
1416297122.45046,pg_catalog,pg_amproc,816,1632,213543,317505,0,0,0,0,0,0,9944,200613,26722,456723,,,,
1416297122.45046,pg_catalog,pg_collation,0,0,0,0,0,0,0,0,0,0,0,0,0,0,,,,
1416297122.45046,pg_catalog,pg_constraint,0,0,472,232,240,0,232,0,10,8,134,1339,242,2398,0,0,0,0
1416297122.45046,pg_catalog,pg_range,0,0,8943,0,0,0,0,0,0,0,0,0,7519,10367,,,,
1416297122.45046,pg_catalog,pg_user_mapping,0,0,0,0,0,0,0,0,0,0,0,0,0,0,,,,
1416297122.45046,pg_catalog,pg_largeobject,0,0,0,0,0,0,0,0,0,0,0,0,0,0,,,,
1416297122.45046,public,lineitem,25,1020239820,835284,71563161,60045669,0,0,0,60046174,0,16367137,14244705,503219,4457062,,,,
1416297122.45046,pg_catalog,pg_namespace,7943,237888,629050,576135,40,0,0,0,40,0,6823,577356,18319,671120,,,,
1416297122.45046,pg_catalog,pg_authid,3973,3973,106448,106448,0,0,0,0,0,0,7011,103410,26090,186806,,,,
1416297122.45046,pg_toast,pg_toast_12193,0,0,0,0,0,0,0,0,0,0,0,0,0,0,,,,
1416297122.45046,pg_catalog,pg_index,17917,2066585,479721,685406,1152,0,1124,0,138,0,30345,684718,28561,545474,,,,
1416297122.45046,pg_catalog,pg_ts_dict,0,0,0,0,0,0,0,0,0,0,0,0,0,0,,,,
1416297122.45046,information_schema,sql_features,0,0,,,0,0,0,0,0,0,0,0,,,0,0,0,0
1416297122.45046,pg_catalog,pg_class,44539,11029848,1908783,1835060,2427,653,2389,632,326,3,74701,2195153,61146,3859651,,,,
1416297122.45046,pg_toast,pg_toast_12183,0,0,0,0,0,0,0,0,0,0,0,0,0,0,,,,
1416297122.45046,information_schema,sql_sizing_profiles,0,0,,,0,0,0,0,0,0,0,0,,,0,0,0,0
1416297122.45046,pg_toast,pg_toast_2396,0,0,0,0,0,0,0,0,0,0,0,0,0,0,,,,
1416297122.45046,pg_catalog,pg_enum,0,0,0,0,0,0,0,0,0,0,0,0,0,0,,,,
1416297122.45046,pg_catalog,pg_db_role_setting,0,0,179418,0,0,0,0,0,0,0,0,0,8031,171387,0,0,0,0
1416297122.45046,pg_catalog,pg_seclabel,0,0,5774,0,0,0,0,0,0,0,0,0,629,5145,0,0,0,0
1416297122.45046,pg_toast,pg_toast_2609,0,0,0,0,0,0,0,0,0,0,0,0,0,0,,,,
1416297122.45046,public,part,10,16000000,78,2367969,2000000,0,0,0,2000000,0,182599,426407,7896,713,,,,
1416297122.45046,pg_toast,pg_toast_1255,0,0,0,0,0,0,0,0,0,0,0,0,0,0,,,,
1416297122.45046,pg_catalog,pg_rewrite,0,0,30297,28338,653,0,653,0,106,42,13219,20319,5646,46188,10786,15682,4123,18691
1416297122.45046,pg_catalog,pg_ts_config,0,0,0,0,0,0,0,0,0,0,0,0,0,0,,,,
1416297122.45046,pg_catalog,pg_extension,0,0,0,0,0,0,0,0,0,0,0,0,0,0,,,,
1416297122.45046,pg_catalog,pg_amop,0,0,440110,619082,0,0,0,0,0,0,20938,598144,35822,913203,,,,
1416297122.45046,pg_catalog,pg_cast,0,0,1444810,387761,0,0,0,0,0,0,9124,378637,11557,1484770,,,,
1416297122.45046,pg_toast,pg_toast_2619,0,0,75207,247551,3471,0,3220,0,267,6,21850,101904,2257,152161,,,,
1416297122.45046,pg_toast,pg_toast_2604,0,0,0,0,0,0,0,0,0,0,0,0,0,0,,,,
1416297122.45046,public,time_statistics,22,274,,,24,22,0,22,24,22,2,66,,,,,,
1416297122.45046,public,customer,12,13500000,77,1472673,1500000,0,0,0,1500000,0,181728,683993,4431,172,,,,
1416297182.45146,pg_catalog,pg_auth_members,0,0,0,0,0,0,0,0,0,0,0,0,0,0,,,,
1416297182.45146,pg_catalog,pg_operator,0,0,344169,1538006,0,0,0,0,0,0,61904,1039789,47031,721290,,,,
1416297182.45146,pg_catalog,pg_aggregate,0,0,23281,23281,0,0,0,0,0,0,4775,18506,9642,31712,,,,
1416297182.45146,pg_catalog,pg_pltemplate,0,0,0,0,0,0,0,0,0,0,0,0,0,0,,,,
1416297182.45146,pg_toast,pg_toast_12188,0,0,0,0,0,0,0,0,0,0,0,0,0,0,,,,
1416297182.45146,pg_catalog,pg_description,0,0,5774,0,0,0,0,0,0,0,0,0,2020,10793,0,0,0,0
1416297182.45146,pg_catalog,pg_language,0,0,0,0,0,0,0,0,0,0,0,0,0,0,,,,
1416297182.45146,pg_catalog,pg_ts_parser,0,0,0,0,0,0,0,0,0,0,0,0,0,0,,,,
1416297182.45146,pg_catalog,pg_shseclabel,0,0,0,0,0,0,0,0,0,0,0,0,0,0,,,,
1416297182.45146,pg_catalog,pg_foreign_table,0,0,0,0,0,0,0,0,0,0,0,0,0,0,,,,
1416297182.45146,information_schema,sql_packages,0,0,,,0,0,0,0,0,0,0,0,,,0,0,0,0
1416297182.45146,information_schema,sql_parts,0,0,,,0,0,0,0,0,0,0,0,,,0,0,0,0
1416297182.45146,pg_catalog,pg_attrdef,0,0,0,0,0,0,0,0,0,0,0,0,0,0,0,0,0,0
1416297182.45146,pg_catalog,pg_ts_template,0,0,0,0,0,0,0,0,0,0,0,0,0,0,,,,
1416297182.45146,pg_catalog,pg_foreign_server,0,0,0,0,0,0,0,0,0,0,0,0,0,0,,,,
1416297182.45146,pg_catalog,pg_default_acl,0,0,5100,0,0,0,0,0,0,0,0,0,578,4522,,,,
1416297182.45146,public,partsupp,5,32000000,56056,10350289,8000000,0,0,0,8000000,0,827219,3320793,42024,154712,,,,
1416297182.45146,pg_toast,pg_toast_12198,0,0,0,0,0,0,0,0,0,0,0,0,0,0,,,,
1416297182.45146,pg_toast,pg_toast_12208,0,0,0,0,0,0,0,0,0,0,0,0,0,0,,,,
1416297182.45146,pg_catalog,pg_attribute,4488,29784,1307618,2619855,9276,300,9098,264,2425,309,102955,1306288,45760,2670773,,,,
1416297182.45146,pg_catalog,pg_statistic,0,0,309393,251456,2119,5286,2056,4759,480,119,45097,221955,21460,645372,21853,101941,2257,152225
1416297182.45146,pg_toast,pg_toast_12203,0,0,0,0,0,0,0,0,0,0,0,0,0,0,,,,
1416297182.45146,pg_toast,pg_toast_2618,0,0,15158,49219,0,0,0,0,0,0,10789,15693,4123,18703,,,,
1416297182.45146,pg_toast,pg_toast_3596,0,0,0,0,0,0,0,0,0,0,0,0,0,0,,,,
1416297182.45146,pg_catalog,pg_depend,0,0,53534,57629,9854,0,9764,0,6294,430,9747,68070,16264,136714,,,,
1416297182.45146,information_schema,sql_languages,0,0,,,0,0,0,0,0,0,0,0,,,0,0,0,0
1416297182.45146,pg_catalog,pg_opclass,816,816,277857,3005849,0,0,0,0,0,0,13359,1038532,26395,333278,,,,
1416297182.45146,pg_catalog,pg_proc,0,0,560483,825462,0,0,0,0,0,0,79807,559904,72617,1171119,0,0,0,0
1416297182.45146,public,region,6293,31440,16,16,5,0,0,0,5,0,4,6302,8,14,,,,
1416297182.45146,information_schema,sql_implementation_info,0,0,,,0,0,0,0,0,0,0,0,,,0,0,0,0
1416297182.45146,pg_catalog,pg_trigger,0,0,0,0,0,0,0,0,0,0,0,0,0,0,0,0,0,0
1416297182.45146,public,nation,18,250,3307767,3307815,25,0,0,0,25,0,4,3307775,9,3307776,,,,
1416297182.45146,pg_catalog,pg_am,57530,57530,0,0,0,0,0,0,0,0,7825,49705,0,0,,,,
1416297182.45146,pg_catalog,pg_largeobject_metadata,0,0,0,0,0,0,0,0,0,0,0,0,0,0,,,,
1416297182.45146,pg_catalog,pg_ts_config_map,0,0,0,0,0,0,0,0,0,0,0,0,0,0,,,,
1416297182.45146,pg_catalog,pg_type,0,0,1133183,1123896,2519,0,2500,0,349,77,25089,1109991,31722,2289617,,,,
1416297182.45146,pg_catalog,pg_shdepend,0,0,7091,1316,0,0,0,0,0,0,612,704,2602,7031,,,,
1416297182.45146,public,supplier,14,800000,3307770,3362781,100000,0,0,0,100000,0,10831,3330290,709,6633487,,,,
1416297182.45146,information_schema,sql_sizing,0,0,,,0,0,0,0,0,0,0,0,,,0,0,0,0
1416297182.45146,pg_catalog,pg_conversion,0,0,0,0,0,0,0,0,0,0,0,0,0,0,,,,
1416297182.45146,pg_catalog,pg_foreign_data_wrapper,0,0,0,0,0,0,0,0,0,0,0,0,0,0,,,,
1416297182.45146,pg_catalog,pg_opfamily,0,0,0,0,0,0,0,0,0,0,0,0,0,0,,,,
1416297182.45146,pg_catalog,pg_shdescription,0,0,0,0,0,0,0,0,0,0,0,0,0,0,0,0,0,0
1416297182.45146,pg_catalog,pg_tablespace,2,4,41861,41861,0,0,0,0,0,0,6232,35631,12498,71224,,,,
1416297182.45146,public,orders,16,150090000,4730756,12700055,15015000,0,0,0,15015000,0,1813387,7464368,106908,14268576,,,,
1416297182.45146,pg_catalog,pg_inherits,0,0,1265,0,0,0,0,0,0,0,0,0,624,641,,,,
1416297182.45146,pg_toast,pg_toast_2606,0,0,0,0,0,0,0,0,0,0,0,0,0,0,,,,
1416297182.45146,pg_toast,pg_toast_2964,0,0,0,0,0,0,0,0,0,0,0,0,0,0,,,,
1416297182.45146,pg_catalog,pg_database,10621,41794,234826,234824,1,0,0,0,1,0,8160,237286,36906,317459,,,,
1416297182.45146,pg_toast,pg_toast_2620,0,0,0,0,0,0,0,0,0,0,0,0,0,0,,,,
1416297182.45146,pg_toast,pg_toast_12213,0,0,0,0,0,0,0,0,0,0,0,0,0,0,,,,
1416297182.45146,pg_catalog,pg_amproc,816,1632,213601,317592,0,0,0,0,0,0,9944,200669,26722,456858,,,,
1416297182.45146,pg_catalog,pg_collation,0,0,0,0,0,0,0,0,0,0,0,0,0,0,,,,
1416297182.45146,pg_catalog,pg_constraint,0,0,472,232,240,0,232,0,10,8,134,1339,242,2398,0,0,0,0
1416297182.45146,pg_catalog,pg_range,0,0,8945,0,0,0,0,0,0,0,0,0,7521,10369,,,,
1416297182.45146,pg_catalog,pg_user_mapping,0,0,0,0,0,0,0,0,0,0,0,0,0,0,,,,
1416297182.45146,pg_catalog,pg_largeobject,0,0,0,0,0,0,0,0,0,0,0,0,0,0,,,,
1416297182.45146,public,lineitem,25,1020239820,835292,97008820,60045669,0,0,0,60046174,0,18469843,14286177,572720,4457087,,,,
1416297182.45146,pg_catalog,pg_namespace,7947,238072,629374,576443,40,0,0,0,40,0,6823,577668,18319,671462,,,,
1416297182.45146,pg_catalog,pg_authid,3975,3975,106484,106484,0,0,0,0,0,0,7011,103448,26090,186878,,,,
1416297182.45146,pg_toast,pg_toast_12193,0,0,0,0,0,0,0,0,0,0,0,0,0,0,,,,
1416297182.45146,pg_catalog,pg_index,17925,2067689,479838,685567,1152,0,1124,0,138,0,30345,684899,28561,545622,,,,
1416297182.45146,pg_catalog,pg_ts_dict,0,0,0,0,0,0,0,0,0,0,0,0,0,0,,,,
1416297182.45146,information_schema,sql_features,0,0,,,0,0,0,0,0,0,0,0,,,0,0,0,0
1416297182.45146,pg_catalog,pg_class,44557,11035147,1909548,1835814,2427,653,2389,632,326,3,74702,2196088,61146,3861218,,,,
1416297182.45146,pg_toast,pg_toast_12183,0,0,0,0,0,0,0,0,0,0,0,0,0,0,,,,
1416297182.45146,information_schema,sql_sizing_profiles,0,0,,,0,0,0,0,0,0,0,0,,,0,0,0,0
1416297182.45146,pg_toast,pg_toast_2396,0,0,0,0,0,0,0,0,0,0,0,0,0,0,,,,
1416297182.45146,pg_catalog,pg_enum,0,0,0,0,0,0,0,0,0,0,0,0,0,0,,,,
1416297182.45146,pg_catalog,pg_db_role_setting,0,0,179478,0,0,0,0,0,0,0,0,0,8031,171447,0,0,0,0
1416297182.45146,pg_catalog,pg_seclabel,0,0,5774,0,0,0,0,0,0,0,0,0,629,5145,0,0,0,0
1416297182.45146,pg_toast,pg_toast_2609,0,0,0,0,0,0,0,0,0,0,0,0,0,0,,,,
1416297182.45146,public,part,10,16000000,78,2367969,2000000,0,0,0,2000000,0,182599,426407,7896,713,,,,
1416297182.45146,pg_toast,pg_toast_1255,0,0,0,0,0,0,0,0,0,0,0,0,0,0,,,,
1416297182.45146,pg_catalog,pg_rewrite,0,0,30311,28352,653,0,653,0,106,42,13222,20330,5646,46212,10789,15693,4123,18703
1416297182.45146,pg_catalog,pg_ts_config,0,0,0,0,0,0,0,0,0,0,0,0,0,0,,,,
1416297182.45146,pg_catalog,pg_extension,0,0,0,0,0,0,0,0,0,0,0,0,0,0,,,,
1416297182.45146,pg_catalog,pg_amop,0,0,440216,619227,0,0,0,0,0,0,20938,598289,35822,913437,,,,
1416297182.45146,pg_catalog,pg_cast,0,0,1445089,387846,0,0,0,0,0,0,9124,378722,11557,1485065,,,,
1416297182.45146,pg_toast,pg_toast_2619,0,0,75235,247629,3471,0,3220,0,267,6,21853,101941,2257,152225,,,,
1416297182.45146,pg_toast,pg_toast_2604,0,0,0,0,0,0,0,0,0,0,0,0,0,0,,,,
1416297182.45146,public,time_statistics,24,323,,,26,24,0,24,26,24,2,72,,,,,,
1416297182.45146,public,customer,12,13500000,83,1592969,1500000,0,0,0,1500000,0,181728,742200,4763,188,,,,
